old_path,new_path_or_status,notes
/blog/10-things-nobody-tells-you-about-living-in-berlin-until-youre-already-there,/blog,301
/blog/berlin-2026-the-lock-in-effect-explained,/blog,301
/blog/berlin-property-the-one-check-that-saves-buyers-from-expensive-regret,/blog,301
/blog/berlin-real-estate-in-2026-buyers-are-quietly-coming-back,/blog,301
/blog/berlin-the-capital-of-micro-neighborhoods-and-long-term-demand,/blog,301
/blog/berlin-the-city-where-waiting-lists-decide-your-life,/blog,301
/blog/berlin-the-relocation-buyer-opportunity,/blog,301
/blog/berlins-housing-demand-an-unmatched-opportunity-for-investors,/blog,301
/blog/berlins-most-underrated-play-in-2026-why-moabit-keeps-winning-quietly,/blog,301
/blog/buy-or-rent-in-berlin-in-2025-a-clear-guide-for-long-term-thinkers,/blog,301
/blog/buyers-choose-dubai-when-they-want-property-to-perform,/blog,301
/blog/buyers-keep-choosing-dubai-and-the-numbers-still-work,/blog,301
/blog/buyers-who-want-a-second-home-actually-end-up-buying-in-paphos,/blog,301
/blog/buying-an-apartment-in-berlin-what-do-you-actually-need,/blog,301
/blog/buying-property-in-cyprus-in-2026-the-real-answers-to-is-it-worth-it,/blog,301
/blog/climate-energy-and-quiet-costs-the-2026-property-risk-nobody-brags-about,/blog,301
/blog/cyprus-2026-the-new-buyer-isnt-buying-a-holiday-theyre-buying-a-plan,/blog,301
/blog/cyprus-2026-the-quiet-power-of-an-eu-lifestyle-base,/blog,301
/blog/cyprus-is-becoming-a-strategic-investment-hub-for-global-buyers,/blog,301
/blog/cyprus-permanent-residency-planning-without-the-confusion,/blog,301
/blog/cyprus-property-the-rare-market-where-the-numbers-dont-change-after-you-decide-to-buy,/blog,301
/blog/cyprus-the-hybrid-home,/blog,301
/blog/cyprus-the-hybrid-home-strategy,/blog,301
/blog/cyprus-vs-dubai-which-one-makes-more-sense-for-living-or-investing,/blog,301
/blog/dubai-2025-the-real-estate-boom-shows-no-signs-of-slowing,/blog,301
/blog/dubai-2026-confidence-without-noise,/blog,301
/blog/dubai-2026-the-supply-wave-isnt-a-disaster-its-a-filter,/blog,301
/blog/dubai-and-cyprus-how-to-buy-when-travel-is-less-predictable,/blog,301
/blog/dubai-feels-like-the-worlds-most-functional-city,/blog,301
/blog/dubai-in-2026-off-plan-vs-ready-property-how-smart-buyers-decide,/blog,301
/blog/dubai-rentals-in-2026-what-tenants-actually-pay-for-and-what-they-ignore,/blog,301
/blog/dubai-the-city-that-turned-infrastructure-into-lifestyle,/blog,301
/blog/dubai-the-net-yield-truth,/blog,301
/blog/dubai-the-service-charge-reality,/blog,301
/blog/dubai-vs-cyprus-property-tax-comparison-in-2026,/blog,301
/blog/dubai-why-the-market-is-entering-its-decisive-buyer-era,/blog,301
/blog/dubais-next-big-shift-connectivity-is-the-new-luxury,/blog,301
/blog/germany-in-2026-the-construction-signal-everyone-misses,/blog,301
/blog/germany-keeps-attracting-people-who-want-stability-not-noise,/blog,301
/blog/holiday-properties-in-cyprus-why-theyre-outperforming-traditional-segments-in-2025,/blog,301
/blog/how-berlin-became-europes-test-city-for-the-future-of-housing,/blog,301
/blog/how-berlin-compares-to-global-capitals-paris-london-zurich-tokyo,/blog,301
/blog/how-much-cash-do-i-really-need-to-buy-property-in-germany,/blog,301
/blog/how-to-avoid-buying-a-summer-only-property,/blog,301
/blog/how-to-stop-impulse-buying-real-estate,/blog,301
/blog/is-berlin-still-affordable-the-real-reason-prices-are-stabilizing,/blog,301
/blog/is-dubai-still-a-good-property-investment-in-2026,/blog,301
/blog/life-in-berlin-what-people-really-want-to-know-before-moving-to-germany,/blog,301
/blog/living-and-investing-in-berlin-real-prices-real-costs-real-facts,/blog,301
/blog/living-and-investing-in-berlin-real-prices-real-costs-real-facts-2,/blog,301
/blog/paphos-is-becoming-the-mediterraneans-new-lifestyle-capital-in-2026,/blog,301
/blog/paphos-the-small-city-that-quietly-became-one-of-europes-most-interesting-property-markets,/blog,301
/blog/paphos-where-cyprus-feels-timeless-not-touristic,/blog,301
/blog/real-estate-in-cyprus-why-buyers-commit-faster-here-than-in-most-of-europe,/blog,301
/blog/rent-vs-buy-in-2026-the-new-decision-framework,/blog,301
/blog/rental-yields-in-dubai-vs-major-european-cities-a-comparative-guide,/blog,301
/blog/residency-in-cyprus-through-real-estate-costs-requirements-and-what-buyers-actually-invest,/blog,301
/blog/residency-in-europe-why-real-estate-is-the-simplest-entry-point,/blog,301
/blog/so-many-buyers-choose-cyprus-for-property-and-decide-faster-than-anywhere-else,/blog,301
/blog/the-2026-reality-real-estate-is-back-to-being-a-rate-story,/blog,301
/blog/the-ai-shift-in-real-estate-why-2026-buyers-are-smarter-and-faster,/blog,301
/blog/the-future-buyer-method,/blog,301
/blog/the-handover-reality-checklist,/blog,301
/blog/the-market-shift-no-one-predicted-supply-is-up-demand-is-smarter,/blog,301
/blog/the-micro-location-advantage-that-buyers-pay-for,/blog,301
/blog/the-negotiation-playbook,/blog,301
/blog/the-new-cyprus-trend-buying-for-retirement-before-you-need-it,/blog,301
/blog/the-one-page-property-brief,/blog,301
/blog/the-portfolio-map,/blog,301
/blog/the-simplest-way-to-decide-if-a-property-is-worth-it,/blog,301
/blog/the-smart-buyers-guide-to-avoiding-renovation-traps,/blog,301
/blog/what-people-only-realize-about-berlin-after-living-there-for-a-while,/blog,301
/blog/whats-driving-dubais-real-estate-boom-6-trends-investors-should-know,/blog,301
/blog/when-renovating-creates-value-and-when-it-becomes-a-trap,/blog,301
/blog/why-2026-buyers-quietly-pay-more-for-easy-living-buildings,/blog,301
/blog/why-berlin-still-matters-housing-trends-and-new-realities-shaping-europes-capital,/blog,301
/blog/why-cyprus-is-becoming-the-new-second-home-country-for-europeans-in-2026,/blog,301
/blog/why-cyprus-is-quietly-becoming-a-strategic-base-for-crypto-investors,/blog,301
/blog/why-everyone-wants-dubai-in-2026-the-new-wave-of-property-buyers,/blog,301
/blog/why-germany-remains-one-of-the-safest-places-in-europe-to-buy-property,/blog,301
/blog/why-launch-hype-is-losing-to-livability,/blog,301
/blog/why-so-many-europeans-are-quietly-choosing-cyprus-as-their-second-home,/blog,301
/blog/why-so-many-people-move-to-berlin-for-one-year-and-end-up-staying,/blog,301
/blog/why-two-same-price-units-can-perform-completely-differently,/blog,301
/blog/why-you-should-seriously-consider-berlin-whether-youre-moving-or-investing,/blog,301
/de/blog,/blog,301
/de/blog/10-things-nobody-tells-you-about-living-in-berlin-until-youre-already-there,/blog,301
/de/blog/berlin-2026-the-lock-in-effect-explained,/blog,301
/de/blog/berlin-property-the-one-check-that-saves-buyers-from-expensive-regret,/blog,301
/de/blog/berlin-real-estate-in-2026-buyers-are-quietly-coming-back,/blog,301
/de/blog/berlin-rental-market-2025-rents-are-rising-fast-and-investors-are-taking-notice,/blog,301
/de/blog/berlin-the-building-health-test,/blog,301
/de/blog/berlin-the-capital-of-micro-neighborhoods-and-long-term-demand,/blog,301
/de/blog/berlin-the-kiez-effect-and-why-one-street-can-change-everything,/blog,301
/de/blog/berlin-the-relocation-buyer-opportunity,/blog,301
/de/blog/berlin-the-street-that-never-loses,/blog,301
/de/blog/berlin-why-the-city-is-shifting-from-renting-culture-to-ownership-culture,/blog,301
/de/blog/berlins-housing-demand-an-unmatched-opportunity-for-investors,/blog,301
/de/blog/berlins-most-underrated-play-in-2026-why-moabit-keeps-winning-quietly,/blog,301
/de/blog/berlins-vacancy-rate-is-practically-zero-and-thats-a-big-opportunity-for-investors,/blog,301
/de/blog/buy-like-a-renter-and-youll-rarely-regret-it,/blog,301
/de/blog/buyers-choose-dubai-when-they-want-property-to-perform,/blog,301
/de/blog/buyers-keep-choosing-dubai-and-the-numbers-still-work,/blog,301
/de/blog/buying-an-apartment-in-berlin-what-do-you-actually-need,/blog,301
/de/blog/buying-property-in-cyprus-in-2026-the-real-answers-to-is-it-worth-it,/blog,301
/de/blog/climate-energy-and-quiet-costs-the-2026-property-risk-nobody-brags-about,/blog,301
/de/blog/cyprus-2026-the-new-buyer-isnt-buying-a-holiday-theyre-buying-a-plan,/blog,301
/de/blog/cyprus-2026-why-remote-workers-are-quietly-reshaping-the-islands-property-market,/blog,301
/de/blog/cyprus-is-becoming-a-strategic-investment-hub-for-global-buyers,/blog,301
/de/blog/cyprus-permanent-residency-planning-without-the-confusion,/blog,301
/de/blog/cyprus-property-the-rare-market-where-the-numbers-dont-change-after-you-decide-to-buy,/blog,301
/de/blog/cyprus-the-hybrid-home,/blog,301
/de/blog/cyprus-the-hybrid-home-strategy,/blog,301
/de/blog/cyprus-the-hybrid-home-strategy-2,/blog,301
/de/blog/cyprus-vs-dubai-which-one-makes-more-sense-for-living-or-investing,/blog,301
/de/blog/dubai-2026-confidence-without-noise,/blog,301
/de/blog/dubai-2026-the-supply-wave-isnt-a-disaster-its-a-filter,/blog,301
/de/blog/dubai-and-cyprus-how-to-buy-when-travel-is-less-predictable,/blog,301
/de/blog/dubai-feels-like-the-worlds-most-functional-city,/blog,301
/de/blog/dubai-in-2026-off-plan-vs-ready-property-how-smart-buyers-decide,/blog,301
/de/blog/dubai-rentals-in-2026-what-tenants-actually-pay-for-and-what-they-ignore,/blog,301
/de/blog/dubai-the-city-that-turned-infrastructure-into-lifestyle,/blog,301
/de/blog/dubai-the-net-yield-truth,/blog,301
/de/blog/dubai-the-service-charge-reality,/blog,301
/de/blog/dubai-the-time-value-city,/blog,301
/de/blog/dubai-vs-cyprus-property-tax-comparison-in-2026,/blog,301
/de/blog/dubai-why-the-market-is-entering-its-decisive-buyer-era,/blog,301
/de/blog/dubais-next-big-shift-connectivity-is-the-new-luxury,/blog,301
/de/blog/germany-in-2026-the-construction-signal-everyone-misses,/blog,301
/de/blog/germany-keeps-attracting-people-who-want-stability-not-noise,/blog,301
/de/blog/holiday-properties-in-cyprus-why-theyre-outperforming-traditional-segments-in-2025,/blog,301
/de/blog/how-berlin-became-europes-test-city-for-the-future-of-housing,/blog,301
/de/blog/how-to-avoid-buying-a-summer-only-property,/blog,301
/de/blog/how-to-stop-impulse-buying-real-estate,/blog,301
/de/blog/life-in-berlin-what-people-really-want-to-know-before-moving-to-germany,/blog,301
/de/blog/living-and-investing-in-berlin-real-prices-real-costs-real-facts,/blog,301
/de/blog/living-and-investing-in-berlin-real-prices-real-costs-real-facts-2,/blog,301
/de/blog/paphos-is-becoming-the-mediterraneans-new-lifestyle-capital-in-2026,/blog,301
/de/blog/paphos-the-small-city-that-quietly-became-one-of-europes-most-interesting-property-markets,/blog,301
/de/blog/paphos-where-cyprus-feels-timeless-not-touristic,/blog,301
/de/blog/real-estate-in-cyprus-why-buyers-commit-faster-here-than-in-most-of-europe,/blog,301
/de/blog/rent-vs-buy-in-2026-the-new-decision-framework,/blog,301
/de/blog/rental-yields-in-dubai-vs-major-european-cities-a-comparative-guide,/blog,301
/de/blog/residency-in-cyprus-through-real-estate-costs-requirements-and-what-buyers-actually-invest,/blog,301
/de/blog/residency-in-europe-why-real-estate-is-the-simplest-entry-point,/blog,301
/de/blog/so-many-buyers-choose-cyprus-for-property-and-decide-faster-than-anywhere-else,/blog,301
/de/blog/the-2026-reality-real-estate-is-back-to-being-a-rate-story,/blog,301
/de/blog/the-60-minute-rule-how-to-know-if-a-property-is-a-good-buy-before-you-fall-in-love,/blog,301
/de/blog/the-ai-shift-in-real-estate-why-2026-buyers-are-smarter-and-faster,/blog,301
/de/blog/the-exit-plan-rule-the-real-estate-principle-that-protects-every-buyer,/blog,301
/de/blog/the-fastest-way-to-tell-if-a-property-makes-financial-sense,/blog,301
/de/blog/the-future-buyer-method,/blog,301
/de/blog/the-handover-reality-checklist,/blog,301
/de/blog/the-hidden-cost-of-cheap-why-the-lowest-price-often-becomes-the-most-expensive-home,/blog,301
/de/blog/the-market-shift-no-one-predicted-supply-is-up-demand-is-smarter,/blog,301
/de/blog/the-micro-location-advantage-that-buyers-pay-for,/blog,301
/de/blog/the-new-cyprus-trend-buying-for-retirement-before-you-need-it,/blog,301
/de/blog/the-one-page-property-brief,/blog,301
/de/blog/the-portfolio-map,/blog,301
/de/blog/the-rental-ready-formula,/blog,301
/de/blog/the-simplest-way-to-decide-if-a-property-is-worth-it,/blog,301
/de/blog/the-three-bucket-strategy-how-investors-build-a-smarter-portfolio-across-countries,/blog,301
/de/blog/what-people-only-realize-about-berlin-after-living-there-for-a-while,/blog,301
/de/blog/whats-driving-dubais-real-estate-boom-6-trends-investors-should-know,/blog,301
/de/blog/when-renovating-creates-value-and-when-it-becomes-a-trap,/blog,301
/de/blog/why-2026-buyers-quietly-pay-more-for-easy-living-buildings,/blog,301
/de/blog/why-berlin-still-matters-housing-trends-and-new-realities-shaping-europes-capital,/blog,301
/de/blog/why-cyprus-is-becoming-the-new-second-home-country-for-europeans-in-2026,/blog,301
/de/blog/why-cyprus-is-quietly-becoming-a-strategic-base-for-crypto-investors,/blog,301
/de/blog/why-everyone-wants-dubai-in-2026-the-new-wave-of-property-buyers,/blog,301
/de/blog/why-germany-remains-europes-most-reliable-real-estate-market,/blog,301
/de/blog/why-germany-remains-one-of-the-safest-places-in-europe-to-buy-property,/blog,301
/de/blog/why-launch-hype-is-losing-to-livability,/blog,301
/de/blog/why-so-many-europeans-are-quietly-choosing-cyprus-as-their-second-home,/blog,301
/de/blog/why-so-many-people-move-to-berlin-for-one-year-and-end-up-staying,/blog,301
/de/blog/why-two-same-price-units-can-perform-completely-differently,/blog,301
/de/blog/why-you-should-seriously-consider-berlin-whether-youre-moving-or-investing,/blog,301
/de/immobilien/wedding-osloer-strae-114-19,/properties/for-sale/germany/berlin,301
/de/properties/3-zimmer-wohnung-in-schoneberg-ab-2027-zur-eigennutzung-verfugbar-3-room-apartment-in-schoneberg-available-for-owner-occupancy-from-2027,/properties/for-sale/germany/berlin,301
/de/properties/for-sale/germany/berlin,/properties/for-sale/germany/berlin,301
/de/properties/kreuzberg-stresemannstr-34-28,/properties/for-sale/germany/berlin,301
/de/properties/neuklln-donaustr-10-11-53,/properties/for-sale/germany/berlin,301
/de/properties/rented-studio-with-balcony-in-quiet-courtyard-no-blocking-period,/properties/for-sale/germany/berlin,301
/de/properties/sanierungsbedurftige-altbauwohnung-eigennutzung-ab-2027,/properties/for-sale/germany/berlin,301
/en/blog/berlin-in-2026-the-micro-location-rule-that-decides-everything,/blog,301
/en/blog/berlin-the-city-where-waiting-lists-decide-your-life,/blog,301
/en/blog/berlin-why-the-city-is-shifting-from-renting-culture-to-ownership-culture,/blog,301
/en/blog/buy-like-a-renter-and-youll-rarely-regret-it,/blog,301
/en/blog/cyprus-2026-why-remote-workers-are-quietly-reshaping-the-islands-property-market,/blog,301
/en/blog/cyprus-second-homes-how-to-buy-a-place-you-love-without-losing-money,/blog,301
/en/blog/cypruss-fastest-moving-city-and-the-islands-business-heart,/blog,301
/en/blog/dubai-2025-the-real-estate-boom-shows-no-signs-of-slowing,/blog,301
/en/blog/dubai-the-city-that-turned-infrastructure-into-lifestyle,/blog,301
/en/blog/dubai-vs-cyprus-property-tax-comparison-in-2026,/blog,301
/en/blog/dubai-why-service-charges-quietly-decide-your-real-return,/blog,301
/en/blog/dubai-why-the-market-is-entering-its-decisive-buyer-era,/blog,301
/en/blog/germany-keeps-attracting-people-who-want-stability-not-noise,/blog,301
/en/blog/how-berlin-compares-to-global-capitals-paris-london-zurich-tokyo,/blog,301
/en/blog/how-to-buy-property-that-stays-liquid-in-any-market,/blog,301
/en/blog/is-berlin-still-affordable-the-real-reason-prices-are-stabilizing,/blog,301
/en/blog/is-dubai-still-a-good-property-investment-in-2026,/blog,301
/en/blog/living-and-investing-in-berlin-real-prices-real-costs-real-facts,/blog,301
/en/blog/rent-vs-buy-in-2026-the-new-decision-framework,/blog,301
/en/blog/the-60-minute-rule-how-to-know-if-a-property-is-a-good-buy-before-you-fall-in-love,/blog,301
/en/blog/the-ai-shift-in-real-estate-why-2026-buyers-are-smarter-and-faster,/blog,301
/en/blog/the-exit-plan-rule-the-real-estate-principle-that-protects-every-buyer,/blog,301
/en/blog/the-hidden-cost-of-cheap-why-the-lowest-price-often-becomes-the-most-expensive-home,/blog,301
/en/blog/the-simplest-way-to-decide-if-a-property-is-worth-it,/blog,301
/en/blog/why-germany-remains-europes-most-reliable-real-estate-market,/blog,301
/en/blog/why-germany-remains-one-of-the-safest-places-in-europe-to-buy-property,/blog,301
/en/properties/charmante-3-zimmer-altbauwohnung-sichere-kapitalanlage-beauselstrasse-8a,/properties/for-sale/germany/berlin,301
/en/properties/charmante-3-zimmer-wohnung-mit-balkon-im-1-og-im-beliebten-berliner-stadtteil-moabit,/properties/for-sale/germany/berlin,301
/en/properties/moabit-stephanstr-52-3,/properties/for-sale/germany/berlin,301
/en/properties/neuklln-hobrechtstr-40,/properties/for-sale/germany/berlin,301
/en/properties/page/5,/properties/for-sale/germany/berlin,301
/en/properties/steglitz-thorwaldsenstr-22-8,/properties/for-sale/germany/berlin,301
/properties/1-bedroom-apartment-chelsea-residences-by-damac,/properties/for-sale/germany/berlin,301
/properties/1-bedroom-apartment-damac-riverside-views,/properties/for-sale/germany/berlin,301
/properties/1-bedroom-apartment-golf-greens-damac-hills,/properties/for-sale/germany/berlin,301
/properties/1-bedroom-apartment-soho-resort-paphos,/properties/for-sale/germany/berlin,301
/properties/2-bedroom-apartment-adonidos-gardens,/properties/for-sale/germany/berlin,301
/properties/2-bedroom-apartment-adonidos-gardens-by-medousa-developers,/properties/for-sale/germany/berlin,301
/properties/2-bedroom-apartment-damac-riverside-views,/properties/for-sale/germany/berlin,301
/properties/2-bedroom-apartment-golf-greens-damac-hills,/properties/for-sale/germany/berlin,301
/properties/2-bedroom-apartment-panorama-apartments,/properties/for-sale/germany/berlin,301
/properties/2-bedroom-duplex-panorama-apartments,/properties/for-sale/germany/berlin,301
/properties/2-bedroom-penthouse-panorama-apartments,/properties/for-sale/germany/berlin,301
/properties/2-room-apartment-in-charlottenburg-available-for-self-use-from-2028,/properties/for-sale/germany/berlin,301
/properties/2-room-apartment-in-the-heart-of-charlottenburg-owner-occupancy-possible,/properties/for-sale/germany/berlin,301
/properties/3-bedroom-apartment-cypress-park-retirement-village,/properties/for-sale/germany/berlin,301
/properties/3-bedroom-apartment-soho-resort-paphos,/properties/for-sale/germany/berlin,301
/properties/3-bedroom-penthouse-chelsea-residences-by-damac,/properties/for-sale/germany/berlin,301
/properties/3-bedroom-sky-mansion-bugatti-residences-3,/properties/for-sale/germany/berlin,301
/properties/3-room-apartment-in-schoneberg-available-for-owner-occupancy-from-2027,/properties/for-sale/germany/berlin,301
/properties/3-rooms-apartment-with-balcony-and-elevator-in-moabit-empty,/properties/for-sale/germany/berlin,301
/properties/3-zimmer-wohnung-mit-sudbalkon-in-ruhiger-lage-von-moabit-ideal-fur-eigennutzer-oder-kapitalanleger,/properties/for-sale/germany/berlin,301
/properties/4-bedroom-apartment,/properties/for-sale/germany/berlin,301
/properties/4-bedroom-villa-azalea-villas-by-aristos,/properties/for-sale/germany/berlin,301
/properties/4-bedroom-villa-fiji-cluster-damac-islands,/properties/for-sale/germany/berlin,301
/properties/5-bedroom-villa-maldives-cluster-damac-islands,/properties/for-sale/germany/berlin,301
/properties/6-bedroom-signature-villa-maldives-cluster-damac-islands,/properties/for-sale/germany/berlin,301
/properties/attraktive-3-zimmer-wohnung-mit-balkon-aufzug-in-berlin-moabit-eigenbedarf-moglich,/properties/for-sale/germany/berlin,301
/properties/bezugsfreie-3-zimmer-altbauwohnung-in-neukolln-1-og-8010-m,/properties/for-sale/germany/berlin,301
/properties/charmante-3-zimmer-altbauwohnung-mit-loggia-in-moabit-bezugsfreie,/properties/for-sale/germany/berlin,301
/properties/charmante-3-zimmer-altbauwohnung-sichere-kapitalanlage-beauselstrasse-8a,/properties/for-sale/germany/berlin,301
/properties/charming-1-room-altbau-apartment-with-balcony-near-schafersee,/properties/for-sale/germany/berlin,301
/properties/expansive-6-room-apartment-in-the-heart-of-kreuzberg,/properties/for-sale/germany/berlin,301
/properties/furnished-15-room-apartment-oldenburger-strasse-28-moabit,/properties/for-sale/germany/berlin,301
/properties/furnished-15-room-apartment-oldenburger-strasse-moabit,/properties/for-sale/germany/berlin,301
/properties/inviting-2-room-altbau-apartment-in-neukolln,/properties/for-sale/germany/berlin,301
/properties/kapitalanlage-in-friedrichshain-vermietete-altbauwohnung-in-top-lage,/properties/for-sale/germany/berlin,301
/properties/renovated-2-room-apartment-hansastrasse-16-wedding,/properties/for-sale/germany/berlin,301
/properties/rented-1-room-investment-opportunity-in-friedrichshain,/properties/for-sale/germany/berlin,301
/properties/rented-possible-self-use-1-room-apartment-in-top-location-kreuzberg,/properties/for-sale/germany/berlin,301
/properties/rented-studio-with-balcony-in-quiet-courtyard-no-blocking-period,/properties/for-sale/germany/berlin,301
/properties/sanierungsbedurftige-altbauwohnung-eigennutzung-ab-2027,/properties/for-sale/germany/berlin,301
/properties/spacious-2-room-apartment-stephanstrasse-52-moabit,/properties/for-sale/germany/berlin,301
/properties/spacious-2-room-apartment-stephanstrasse-moabit,/properties/for-sale/germany/berlin,301
/properties/spacious-3-room-apartment-with-balcony-in-reinickendorf,/properties/for-sale/germany/berlin,301
/properties/spacious-4-room-altbau-apartment-in-wedding,/properties/for-sale/germany/berlin,301
/properties/spacious-4-room-apartment-in-spandau-solid-investment-with-future-potential,/properties/for-sale/germany/berlin,301
/44129852,410,gone
/55543103534.htm,410,gone
/55543125809.htm,410,gone
/55543140825.htm,410,gone
/5554320934.htm,410,gone
/55543256179.htm,410,gone
/5554325957.htm,410,gone
/55543271806.htm,410,gone
/55543286314.htm,410,gone
/55543290019.htm,410,gone
/5554375473.htm,410,gone
/70439104654.htm,410,gone
/70439118304.htm,410,gone
/70439191309.htm,410,gone
/70439201956.htm,410,gone
/70439212674.htm,410,gone
/70439285100.htm,410,gone
/78128122197.htm,410,gone
/78128150208.htm,410,gone
/78128173089.htm,410,gone
/78128238552.htm,410,gone
/7812856655.htm,410,gone
/7812875100.htm,410,gone
/98029109699.htm,410,gone
/98029220187.htm,410,gone
/98029222209.htm,410,gone
/98029243954.htm,410,gone
/9802924569.htm,410,gone
/9802925807.htm,410,gone
/99981113999.htm,410,gone
/99981187427.htm,410,gone
/99981202643.htm,410,gone
/99981319195.htm,410,gone
/99981332855.htm,410,gone
/99981338946.htm,410,gone
/9998142412.htm,410,gone
/999819093.htm,410,gone
/api/leads/berlin-investor-strategy,410,gone
/area/wedding,410,gone
/content-hub/index.php,410,gone
/de/advanced-search,410,gone
/de/advanced-search/page/2,410,gone
/de/advanced-search/page/3,410,gone
/de/advanced-search/page/4,410,gone
/de/advanced-search/page/6,410,gone
/de/area/lichtenberg-de,410,gone
/de/category/lebensstil-in-berlin/page/3,410,gone
/de/die-besten-orte-zum-fruehstueck-in-berlin,410,gone
/de/entdecken-sie-berlins-verborgene-orte,410,gone
/de/finanzierungsmoglichkeiten-fur-den-auslandischen-investor-old,410,gone
/de/orte-fuer-suessigkeitenliebhaber-in-berlin,410,gone
/de/properties-feed/moabit-huttenstr-71-47,410,gone
/de/properties-feed/wedding-fehmarnerstr-22-39,410,gone
/de/properties-feed/wilmersdorf-dusseldorfer-str-69-3,410,gone
/de/state/deutschland/page/2,410,gone
/en/area/wedding-en,410,gone
/en/berlin-neighborhoods,410,gone
/en/category/the-investor-guide-in-berlin,410,gone
/en/places-for-sweets-lovers-in-berlin,410,gone
/en/properties-feed/moabit-huttenstr-71-40,410,gone
/en/properties-feed/moabit-huttenstr-71-7,410,gone
/en/properties-feed/wedding-fehmarnerstr-22-26,410,gone
/en/real-estate-in-germany-land-tax-new-law-2,410,gone
/en/real-estate-prices-in-berlin-2022-statistics-evolution,410,gone
/en/the-5-most-popular-neighborhoods-to-buy-property-in-berlin,410,gone
/http://www.sweet-home.co.il/default.asp,410,gone
/http://www.sweet-home.co.il/en/area/wedding-en,410,gone
/lp_business_gift,410,gone
/mypage/favorite_products,410,gone
/mypage/recommendation_by_ai,410,gone
/ערים-מרכזיות-באיזור,410,gone
