Page URL,Link URL,Discovered
https://sweet-home.co.il/,https://sweet-home.co.il/lang/en,02 Jan 2026 (14:22 UTC)
https://sweet-home.co.il/,https://sweet-home.co.il/lang/de,02 Jan 2026 (14:22 UTC)
https://sweet-home.co.il/,https://sweet-home.co.il/lang/es,02 Jan 2026 (14:22 UTC)
https://sweet-home.co.il/about,https://sweet-home.co.il/lang/en,02 Jan 2026 (14:22 UTC)
https://sweet-home.co.il/about,https://sweet-home.co.il/lang/de,02 Jan 2026 (14:22 UTC)
https://sweet-home.co.il/about,https://sweet-home.co.il/lang/es,02 Jan 2026 (14:22 UTC)
https://sweet-home.co.il/blog,https://sweet-home.co.il/lang/en,02 Jan 2026 (14:22 UTC)
https://sweet-home.co.il/blog,https://sweet-home.co.il/lang/de,02 Jan 2026 (14:22 UTC)
https://sweet-home.co.il/blog,https://sweet-home.co.il/lang/es,02 Jan 2026 (14:22 UTC)
https://sweet-home.co.il/blog/10-things-nobody-tells-you-about-living-in-berlin-until-youre-already-there,https://sweet-home.co.il/lang/en,02 Jan 2026 (14:22 UTC)
https://sweet-home.co.il/blog/10-things-nobody-tells-you-about-living-in-berlin-until-youre-already-there,https://sweet-home.co.il/lang/de,02 Jan 2026 (14:22 UTC)
https://sweet-home.co.il/blog/10-things-nobody-tells-you-about-living-in-berlin-until-youre-already-there,https://sweet-home.co.il/lang/es,02 Jan 2026 (14:22 UTC)
https://sweet-home.co.il/blog/berlin-rental-market-2025-rents-are-rising-fast-and-investors-are-taking-notice,https://sweet-home.co.il/lang/en,06 Jan 2026 (19:05 UTC)
https://sweet-home.co.il/blog/berlin-rental-market-2025-rents-are-rising-fast-and-investors-are-taking-notice,https://sweet-home.co.il/lang/de,06 Jan 2026 (19:05 UTC)
https://sweet-home.co.il/blog/berlin-rental-market-2025-rents-are-rising-fast-and-investors-are-taking-notice,https://sweet-home.co.il/lang/es,06 Jan 2026 (19:05 UTC)
https://sweet-home.co.il/blog/berlin-the-city-where-waiting-lists-decide-your-life,https://sweet-home.co.il/lang/en,02 Jan 2026 (14:22 UTC)
https://sweet-home.co.il/blog/berlin-the-city-where-waiting-lists-decide-your-life,https://sweet-home.co.il/lang/de,02 Jan 2026 (14:22 UTC)
https://sweet-home.co.il/blog/berlin-the-city-where-waiting-lists-decide-your-life,https://sweet-home.co.il/lang/es,02 Jan 2026 (14:22 UTC)
https://sweet-home.co.il/blog/berlin-why-the-city-is-shifting-from-renting-culture-to-ownership-culture,https://sweet-home.co.il/lang/en,06 Jan 2026 (18:30 UTC)
https://sweet-home.co.il/blog/berlin-why-the-city-is-shifting-from-renting-culture-to-ownership-culture,https://sweet-home.co.il/lang/de,06 Jan 2026 (18:30 UTC)
https://sweet-home.co.il/blog/berlin-why-the-city-is-shifting-from-renting-culture-to-ownership-culture,https://sweet-home.co.il/lang/es,06 Jan 2026 (18:30 UTC)
https://sweet-home.co.il/blog/berlins-housing-demand-an-unmatched-opportunity-for-investors,https://sweet-home.co.il/lang/en,06 Jan 2026 (19:05 UTC)
https://sweet-home.co.il/blog/berlins-housing-demand-an-unmatched-opportunity-for-investors,https://sweet-home.co.il/lang/de,06 Jan 2026 (19:05 UTC)
https://sweet-home.co.il/blog/berlins-housing-demand-an-unmatched-opportunity-for-investors,https://sweet-home.co.il/lang/es,06 Jan 2026 (19:05 UTC)
https://sweet-home.co.il/blog/berlins-vacancy-rate-is-practically-zero-and-thats-a-big-opportunity-for-investors,https://sweet-home.co.il/lang/en,06 Jan 2026 (19:05 UTC)
https://sweet-home.co.il/blog/berlins-vacancy-rate-is-practically-zero-and-thats-a-big-opportunity-for-investors,https://sweet-home.co.il/lang/de,06 Jan 2026 (19:05 UTC)
https://sweet-home.co.il/blog/berlins-vacancy-rate-is-practically-zero-and-thats-a-big-opportunity-for-investors,https://sweet-home.co.il/lang/es,06 Jan 2026 (19:05 UTC)
https://sweet-home.co.il/blog/buy-or-rent-in-berlin-in-2025-a-clear-guide-for-long-term-thinkers,https://sweet-home.co.il/lang/en,06 Jan 2026 (18:30 UTC)
https://sweet-home.co.il/blog/buy-or-rent-in-berlin-in-2025-a-clear-guide-for-long-term-thinkers,https://sweet-home.co.il/lang/de,06 Jan 2026 (18:30 UTC)
https://sweet-home.co.il/blog/buy-or-rent-in-berlin-in-2025-a-clear-guide-for-long-term-thinkers,https://sweet-home.co.il/lang/es,06 Jan 2026 (18:30 UTC)
https://sweet-home.co.il/blog/buyers-keep-choosing-dubai-and-the-numbers-still-work,https://sweet-home.co.il/lang/en,05 Jan 2026 (18:36 UTC)
https://sweet-home.co.il/blog/buyers-keep-choosing-dubai-and-the-numbers-still-work,https://sweet-home.co.il/lang/de,05 Jan 2026 (18:36 UTC)
https://sweet-home.co.il/blog/buyers-keep-choosing-dubai-and-the-numbers-still-work,https://sweet-home.co.il/lang/es,05 Jan 2026 (18:36 UTC)
https://sweet-home.co.il/blog/buying-an-apartment-in-berlin-what-do-you-actually-need,https://sweet-home.co.il/lang/en,05 Jan 2026 (18:36 UTC)
https://sweet-home.co.il/blog/buying-an-apartment-in-berlin-what-do-you-actually-need,https://sweet-home.co.il/lang/de,05 Jan 2026 (18:36 UTC)
https://sweet-home.co.il/blog/buying-an-apartment-in-berlin-what-do-you-actually-need,https://sweet-home.co.il/lang/es,05 Jan 2026 (18:36 UTC)
https://sweet-home.co.il/blog/cyprus-2026-why-remote-workers-are-quietly-reshaping-the-islands-property-market,https://sweet-home.co.il/lang/en,02 Jan 2026 (14:22 UTC)
https://sweet-home.co.il/blog/cyprus-2026-why-remote-workers-are-quietly-reshaping-the-islands-property-market,https://sweet-home.co.il/lang/de,02 Jan 2026 (14:22 UTC)
https://sweet-home.co.il/blog/cyprus-2026-why-remote-workers-are-quietly-reshaping-the-islands-property-market,https://sweet-home.co.il/lang/es,02 Jan 2026 (14:22 UTC)
https://sweet-home.co.il/blog/cyprus-is-becoming-a-strategic-investment-hub-for-global-buyers,https://sweet-home.co.il/lang/en,02 Jan 2026 (14:22 UTC)
https://sweet-home.co.il/blog/cyprus-is-becoming-a-strategic-investment-hub-for-global-buyers,https://sweet-home.co.il/lang/de,02 Jan 2026 (14:22 UTC)
https://sweet-home.co.il/blog/cyprus-is-becoming-a-strategic-investment-hub-for-global-buyers,https://sweet-home.co.il/lang/es,02 Jan 2026 (14:22 UTC)
https://sweet-home.co.il/blog/cyprus-property-the-rare-market-where-the-numbers-dont-change-after-you-decide-to-buy,https://sweet-home.co.il/lang/en,06 Jan 2026 (17:38 UTC)
https://sweet-home.co.il/blog/cyprus-property-the-rare-market-where-the-numbers-dont-change-after-you-decide-to-buy,https://sweet-home.co.il/lang/de,06 Jan 2026 (17:38 UTC)
https://sweet-home.co.il/blog/cyprus-property-the-rare-market-where-the-numbers-dont-change-after-you-decide-to-buy,https://sweet-home.co.il/lang/es,06 Jan 2026 (17:38 UTC)
https://sweet-home.co.il/blog/cyprus-vs-dubai-which-one-makes-more-sense-for-living-or-investing,https://sweet-home.co.il/lang/en,05 Jan 2026 (18:36 UTC)
https://sweet-home.co.il/blog/cyprus-vs-dubai-which-one-makes-more-sense-for-living-or-investing,https://sweet-home.co.il/lang/de,05 Jan 2026 (18:36 UTC)
https://sweet-home.co.il/blog/cyprus-vs-dubai-which-one-makes-more-sense-for-living-or-investing,https://sweet-home.co.il/lang/es,05 Jan 2026 (18:36 UTC)
https://sweet-home.co.il/blog/dubai-2025-the-real-estate-boom-shows-no-signs-of-slowing,https://sweet-home.co.il/lang/en,06 Jan 2026 (19:05 UTC)
https://sweet-home.co.il/blog/dubai-2025-the-real-estate-boom-shows-no-signs-of-slowing,https://sweet-home.co.il/lang/de,06 Jan 2026 (19:05 UTC)
https://sweet-home.co.il/blog/dubai-2025-the-real-estate-boom-shows-no-signs-of-slowing,https://sweet-home.co.il/lang/es,06 Jan 2026 (19:05 UTC)
https://sweet-home.co.il/blog/dubai-feels-like-the-worlds-most-functional-city,https://sweet-home.co.il/lang/en,02 Jan 2026 (14:22 UTC)
https://sweet-home.co.il/blog/dubai-feels-like-the-worlds-most-functional-city,https://sweet-home.co.il/lang/de,02 Jan 2026 (14:22 UTC)
https://sweet-home.co.il/blog/dubai-feels-like-the-worlds-most-functional-city,https://sweet-home.co.il/lang/es,02 Jan 2026 (14:22 UTC)
https://sweet-home.co.il/blog/dubai-why-the-market-is-entering-its-decisive-buyer-era,https://sweet-home.co.il/lang/en,02 Jan 2026 (14:22 UTC)
https://sweet-home.co.il/blog/dubai-why-the-market-is-entering-its-decisive-buyer-era,https://sweet-home.co.il/lang/de,02 Jan 2026 (14:22 UTC)
https://sweet-home.co.il/blog/dubai-why-the-market-is-entering-its-decisive-buyer-era,https://sweet-home.co.il/lang/es,02 Jan 2026 (14:22 UTC)
https://sweet-home.co.il/blog/germany-keeps-attracting-people-who-want-stability-not-noise,https://sweet-home.co.il/lang/en,05 Jan 2026 (18:36 UTC)
https://sweet-home.co.il/blog/germany-keeps-attracting-people-who-want-stability-not-noise,https://sweet-home.co.il/lang/de,05 Jan 2026 (18:36 UTC)
https://sweet-home.co.il/blog/germany-keeps-attracting-people-who-want-stability-not-noise,https://sweet-home.co.il/lang/es,05 Jan 2026 (18:36 UTC)
https://sweet-home.co.il/blog/holiday-properties-in-cyprus-why-theyre-outperforming-traditional-segments-in-2025,https://sweet-home.co.il/lang/en,06 Jan 2026 (19:05 UTC)
https://sweet-home.co.il/blog/holiday-properties-in-cyprus-why-theyre-outperforming-traditional-segments-in-2025,https://sweet-home.co.il/lang/de,06 Jan 2026 (19:05 UTC)
https://sweet-home.co.il/blog/holiday-properties-in-cyprus-why-theyre-outperforming-traditional-segments-in-2025,https://sweet-home.co.il/lang/es,06 Jan 2026 (19:05 UTC)
https://sweet-home.co.il/blog/how-berlin-became-europes-test-city-for-the-future-of-housing,https://sweet-home.co.il/lang/en,06 Jan 2026 (18:30 UTC)
https://sweet-home.co.il/blog/how-berlin-became-europes-test-city-for-the-future-of-housing,https://sweet-home.co.il/lang/de,06 Jan 2026 (18:30 UTC)
https://sweet-home.co.il/blog/how-berlin-became-europes-test-city-for-the-future-of-housing,https://sweet-home.co.il/lang/es,06 Jan 2026 (18:30 UTC)
https://sweet-home.co.il/blog/how-berlin-compares-to-global-capitals-paris-london-zurich-tokyo,https://sweet-home.co.il/lang/en,06 Jan 2026 (18:30 UTC)
https://sweet-home.co.il/blog/how-berlin-compares-to-global-capitals-paris-london-zurich-tokyo,https://sweet-home.co.il/lang/de,06 Jan 2026 (18:30 UTC)
https://sweet-home.co.il/blog/how-berlin-compares-to-global-capitals-paris-london-zurich-tokyo,https://sweet-home.co.il/lang/es,06 Jan 2026 (18:30 UTC)
https://sweet-home.co.il/blog/is-berlin-still-affordable-the-real-reason-prices-are-stabilizing,https://sweet-home.co.il/lang/en,06 Jan 2026 (18:30 UTC)
https://sweet-home.co.il/blog/is-berlin-still-affordable-the-real-reason-prices-are-stabilizing,https://sweet-home.co.il/lang/de,06 Jan 2026 (18:30 UTC)
https://sweet-home.co.il/blog/is-berlin-still-affordable-the-real-reason-prices-are-stabilizing,https://sweet-home.co.il/lang/es,06 Jan 2026 (18:30 UTC)
https://sweet-home.co.il/blog/life-in-berlin-what-people-really-want-to-know-before-moving-to-germany,https://sweet-home.co.il/lang/en,02 Jan 2026 (14:22 UTC)
https://sweet-home.co.il/blog/life-in-berlin-what-people-really-want-to-know-before-moving-to-germany,https://sweet-home.co.il/lang/de,02 Jan 2026 (14:22 UTC)
https://sweet-home.co.il/blog/life-in-berlin-what-people-really-want-to-know-before-moving-to-germany,https://sweet-home.co.il/lang/es,02 Jan 2026 (14:22 UTC)
https://sweet-home.co.il/blog/living-and-investing-in-berlin-real-prices-real-costs-real-facts,https://sweet-home.co.il/lang/en,02 Jan 2026 (14:22 UTC)
https://sweet-home.co.il/blog/living-and-investing-in-berlin-real-prices-real-costs-real-facts,https://sweet-home.co.il/lang/de,02 Jan 2026 (14:22 UTC)
https://sweet-home.co.il/blog/living-and-investing-in-berlin-real-prices-real-costs-real-facts,https://sweet-home.co.il/lang/es,02 Jan 2026 (14:22 UTC)
https://sweet-home.co.il/blog/living-and-investing-in-berlin-real-prices-real-costs-real-facts-2,https://sweet-home.co.il/lang/en,02 Jan 2026 (14:22 UTC)
https://sweet-home.co.il/blog/living-and-investing-in-berlin-real-prices-real-costs-real-facts-2,https://sweet-home.co.il/lang/de,02 Jan 2026 (14:22 UTC)
https://sweet-home.co.il/blog/living-and-investing-in-berlin-real-prices-real-costs-real-facts-2,https://sweet-home.co.il/lang/es,02 Jan 2026 (14:22 UTC)
https://sweet-home.co.il/blog/paphos-is-becoming-the-mediterraneans-new-lifestyle-capital-in-2026,https://sweet-home.co.il/lang/en,06 Jan 2026 (18:30 UTC)
https://sweet-home.co.il/blog/paphos-is-becoming-the-mediterraneans-new-lifestyle-capital-in-2026,https://sweet-home.co.il/lang/de,06 Jan 2026 (18:30 UTC)
https://sweet-home.co.il/blog/paphos-is-becoming-the-mediterraneans-new-lifestyle-capital-in-2026,https://sweet-home.co.il/lang/es,06 Jan 2026 (18:30 UTC)
https://sweet-home.co.il/blog/paphos-the-small-city-that-quietly-became-one-of-europes-most-interesting-property-markets,https://sweet-home.co.il/lang/en,02 Jan 2026 (14:22 UTC)
https://sweet-home.co.il/blog/paphos-the-small-city-that-quietly-became-one-of-europes-most-interesting-property-markets,https://sweet-home.co.il/lang/de,02 Jan 2026 (14:22 UTC)
https://sweet-home.co.il/blog/paphos-the-small-city-that-quietly-became-one-of-europes-most-interesting-property-markets,https://sweet-home.co.il/lang/es,02 Jan 2026 (14:22 UTC)
https://sweet-home.co.il/blog/real-estate-in-cyprus-why-buyers-commit-faster-here-than-in-most-of-europe,https://sweet-home.co.il/lang/en,02 Jan 2026 (14:22 UTC)
https://sweet-home.co.il/blog/real-estate-in-cyprus-why-buyers-commit-faster-here-than-in-most-of-europe,https://sweet-home.co.il/lang/de,02 Jan 2026 (14:22 UTC)
https://sweet-home.co.il/blog/real-estate-in-cyprus-why-buyers-commit-faster-here-than-in-most-of-europe,https://sweet-home.co.il/lang/es,02 Jan 2026 (14:22 UTC)
https://sweet-home.co.il/blog/rental-yields-in-dubai-vs-major-european-cities-a-comparative-guide,https://sweet-home.co.il/lang/en,06 Jan 2026 (19:05 UTC)
https://sweet-home.co.il/blog/rental-yields-in-dubai-vs-major-european-cities-a-comparative-guide,https://sweet-home.co.il/lang/de,06 Jan 2026 (19:05 UTC)
https://sweet-home.co.il/blog/rental-yields-in-dubai-vs-major-european-cities-a-comparative-guide,https://sweet-home.co.il/lang/es,06 Jan 2026 (19:05 UTC)
https://sweet-home.co.il/blog/residency-in-cyprus-through-real-estate-costs-requirements-and-what-buyers-actually-invest,https://sweet-home.co.il/lang/en,02 Jan 2026 (14:22 UTC)
https://sweet-home.co.il/blog/residency-in-cyprus-through-real-estate-costs-requirements-and-what-buyers-actually-invest,https://sweet-home.co.il/lang/de,02 Jan 2026 (14:22 UTC)
https://sweet-home.co.il/blog/residency-in-cyprus-through-real-estate-costs-requirements-and-what-buyers-actually-invest,https://sweet-home.co.il/lang/es,02 Jan 2026 (14:22 UTC)
https://sweet-home.co.il/blog/residency-in-europe-why-real-estate-is-the-simplest-entry-point,https://sweet-home.co.il/lang/en,02 Jan 2026 (14:22 UTC)
https://sweet-home.co.il/blog/residency-in-europe-why-real-estate-is-the-simplest-entry-point,https://sweet-home.co.il/lang/de,02 Jan 2026 (14:22 UTC)
https://sweet-home.co.il/blog/residency-in-europe-why-real-estate-is-the-simplest-entry-point,https://sweet-home.co.il/lang/es,02 Jan 2026 (14:22 UTC)
https://sweet-home.co.il/blog/so-many-buyers-choose-cyprus-for-property-and-decide-faster-than-anywhere-else,https://sweet-home.co.il/lang/en,05 Jan 2026 (18:36 UTC)
https://sweet-home.co.il/blog/so-many-buyers-choose-cyprus-for-property-and-decide-faster-than-anywhere-else,https://sweet-home.co.il/lang/de,05 Jan 2026 (18:36 UTC)
https://sweet-home.co.il/blog/so-many-buyers-choose-cyprus-for-property-and-decide-faster-than-anywhere-else,https://sweet-home.co.il/lang/es,05 Jan 2026 (18:36 UTC)
https://sweet-home.co.il/blog/the-market-shift-no-one-predicted-supply-is-up-demand-is-smarter,https://sweet-home.co.il/lang/en,06 Jan 2026 (18:30 UTC)
https://sweet-home.co.il/blog/the-market-shift-no-one-predicted-supply-is-up-demand-is-smarter,https://sweet-home.co.il/lang/de,06 Jan 2026 (18:30 UTC)
https://sweet-home.co.il/blog/the-market-shift-no-one-predicted-supply-is-up-demand-is-smarter,https://sweet-home.co.il/lang/es,06 Jan 2026 (18:30 UTC)
https://sweet-home.co.il/blog/whats-driving-dubais-real-estate-boom-6-trends-investors-should-know,https://sweet-home.co.il/lang/en,05 Jan 2026 (18:36 UTC)
https://sweet-home.co.il/blog/whats-driving-dubais-real-estate-boom-6-trends-investors-should-know,https://sweet-home.co.il/lang/de,05 Jan 2026 (18:36 UTC)
https://sweet-home.co.il/blog/whats-driving-dubais-real-estate-boom-6-trends-investors-should-know,https://sweet-home.co.il/lang/es,05 Jan 2026 (18:36 UTC)
https://sweet-home.co.il/blog/why-berlin-still-matters-housing-trends-and-new-realities-shaping-europes-capital,https://sweet-home.co.il/lang/en,05 Jan 2026 (18:36 UTC)
https://sweet-home.co.il/blog/why-berlin-still-matters-housing-trends-and-new-realities-shaping-europes-capital,https://sweet-home.co.il/lang/de,05 Jan 2026 (18:36 UTC)
https://sweet-home.co.il/blog/why-berlin-still-matters-housing-trends-and-new-realities-shaping-europes-capital,https://sweet-home.co.il/lang/es,05 Jan 2026 (18:36 UTC)
https://sweet-home.co.il/blog/why-cyprus-is-becoming-the-new-second-home-country-for-europeans-in-2026,https://sweet-home.co.il/lang/en,06 Jan 2026 (18:30 UTC)
https://sweet-home.co.il/blog/why-cyprus-is-becoming-the-new-second-home-country-for-europeans-in-2026,https://sweet-home.co.il/lang/de,06 Jan 2026 (18:30 UTC)
https://sweet-home.co.il/blog/why-cyprus-is-becoming-the-new-second-home-country-for-europeans-in-2026,https://sweet-home.co.il/lang/es,06 Jan 2026 (18:30 UTC)
https://sweet-home.co.il/blog/why-cyprus-is-quietly-becoming-a-strategic-base-for-crypto-investors,https://sweet-home.co.il/lang/en,05 Jan 2026 (18:36 UTC)
https://sweet-home.co.il/blog/why-cyprus-is-quietly-becoming-a-strategic-base-for-crypto-investors,https://sweet-home.co.il/lang/de,05 Jan 2026 (18:36 UTC)
https://sweet-home.co.il/blog/why-cyprus-is-quietly-becoming-a-strategic-base-for-crypto-investors,https://sweet-home.co.il/lang/es,05 Jan 2026 (18:36 UTC)
https://sweet-home.co.il/blog/why-everyone-wants-dubai-in-2026-the-new-wave-of-property-buyers,https://sweet-home.co.il/lang/en,06 Jan 2026 (18:46 UTC)
https://sweet-home.co.il/blog/why-everyone-wants-dubai-in-2026-the-new-wave-of-property-buyers,https://sweet-home.co.il/lang/de,06 Jan 2026 (18:46 UTC)
https://sweet-home.co.il/blog/why-everyone-wants-dubai-in-2026-the-new-wave-of-property-buyers,https://sweet-home.co.il/lang/es,06 Jan 2026 (18:46 UTC)
https://sweet-home.co.il/blog/why-germany-remains-europes-most-reliable-real-estate-market,https://sweet-home.co.il/lang/en,06 Jan 2026 (18:20 UTC)
https://sweet-home.co.il/blog/why-germany-remains-europes-most-reliable-real-estate-market,https://sweet-home.co.il/lang/de,06 Jan 2026 (18:20 UTC)
https://sweet-home.co.il/blog/why-germany-remains-europes-most-reliable-real-estate-market,https://sweet-home.co.il/lang/es,06 Jan 2026 (18:20 UTC)
https://sweet-home.co.il/blog/why-germany-remains-one-of-the-safest-places-in-europe-to-buy-property,https://sweet-home.co.il/lang/en,05 Jan 2026 (18:36 UTC)
https://sweet-home.co.il/blog/why-germany-remains-one-of-the-safest-places-in-europe-to-buy-property,https://sweet-home.co.il/lang/de,05 Jan 2026 (18:36 UTC)
https://sweet-home.co.il/blog/why-germany-remains-one-of-the-safest-places-in-europe-to-buy-property,https://sweet-home.co.il/lang/es,05 Jan 2026 (18:36 UTC)
https://sweet-home.co.il/blog/why-so-many-europeans-are-quietly-choosing-cyprus-as-their-second-home,https://sweet-home.co.il/lang/en,02 Jan 2026 (14:22 UTC)
https://sweet-home.co.il/blog/why-so-many-europeans-are-quietly-choosing-cyprus-as-their-second-home,https://sweet-home.co.il/lang/de,02 Jan 2026 (14:22 UTC)
https://sweet-home.co.il/blog/why-so-many-europeans-are-quietly-choosing-cyprus-as-their-second-home,https://sweet-home.co.il/lang/es,02 Jan 2026 (14:22 UTC)
https://sweet-home.co.il/blog/why-so-many-people-move-to-berlin-for-one-year-and-end-up-staying,https://sweet-home.co.il/lang/en,05 Jan 2026 (18:36 UTC)
https://sweet-home.co.il/blog/why-so-many-people-move-to-berlin-for-one-year-and-end-up-staying,https://sweet-home.co.il/lang/de,05 Jan 2026 (18:36 UTC)
https://sweet-home.co.il/blog/why-so-many-people-move-to-berlin-for-one-year-and-end-up-staying,https://sweet-home.co.il/lang/es,05 Jan 2026 (18:36 UTC)
https://sweet-home.co.il/blog/why-you-should-seriously-consider-berlin-whether-youre-moving-or-investing,https://sweet-home.co.il/lang/en,05 Jan 2026 (18:36 UTC)
https://sweet-home.co.il/blog/why-you-should-seriously-consider-berlin-whether-youre-moving-or-investing,https://sweet-home.co.il/lang/de,05 Jan 2026 (18:36 UTC)
https://sweet-home.co.il/blog/why-you-should-seriously-consider-berlin-whether-youre-moving-or-investing,https://sweet-home.co.il/lang/es,05 Jan 2026 (18:36 UTC)
https://sweet-home.co.il/blog?page=1,https://sweet-home.co.il/lang/en,02 Jan 2026 (14:22 UTC)
https://sweet-home.co.il/blog?page=1,https://sweet-home.co.il/lang/de,02 Jan 2026 (14:22 UTC)
https://sweet-home.co.il/blog?page=1,https://sweet-home.co.il/lang/es,02 Jan 2026 (14:22 UTC)
https://sweet-home.co.il/blog?page=2,https://sweet-home.co.il/lang/en,02 Jan 2026 (14:22 UTC)
https://sweet-home.co.il/blog?page=2,https://sweet-home.co.il/lang/de,02 Jan 2026 (14:22 UTC)
https://sweet-home.co.il/blog?page=2,https://sweet-home.co.il/lang/es,02 Jan 2026 (14:22 UTC)
https://sweet-home.co.il/blog?page=3,https://sweet-home.co.il/lang/en,02 Jan 2026 (14:22 UTC)
https://sweet-home.co.il/blog?page=3,https://sweet-home.co.il/lang/de,02 Jan 2026 (14:22 UTC)
https://sweet-home.co.il/blog?page=3,https://sweet-home.co.il/lang/es,02 Jan 2026 (14:22 UTC)
https://sweet-home.co.il/blog?page=4,https://sweet-home.co.il/lang/en,02 Jan 2026 (14:22 UTC)
https://sweet-home.co.il/blog?page=4,https://sweet-home.co.il/lang/de,02 Jan 2026 (14:22 UTC)
https://sweet-home.co.il/blog?page=4,https://sweet-home.co.il/lang/es,02 Jan 2026 (14:22 UTC)
https://sweet-home.co.il/blog?page=5,https://sweet-home.co.il/lang/en,02 Jan 2026 (14:22 UTC)
https://sweet-home.co.il/blog?page=5,https://sweet-home.co.il/lang/de,02 Jan 2026 (14:22 UTC)
https://sweet-home.co.il/blog?page=5,https://sweet-home.co.il/lang/es,02 Jan 2026 (14:22 UTC)
https://sweet-home.co.il/contact,https://sweet-home.co.il/lang/en,02 Jan 2026 (14:22 UTC)
https://sweet-home.co.il/contact,https://sweet-home.co.il/lang/de,02 Jan 2026 (14:22 UTC)
https://sweet-home.co.il/contact,https://sweet-home.co.il/lang/es,02 Jan 2026 (14:22 UTC)
https://sweet-home.co.il/owners,https://sweet-home.co.il/lang/en,02 Jan 2026 (14:22 UTC)
https://sweet-home.co.il/owners,https://sweet-home.co.il/lang/de,02 Jan 2026 (14:22 UTC)
https://sweet-home.co.il/owners,https://sweet-home.co.il/lang/es,02 Jan 2026 (14:22 UTC)
https://sweet-home.co.il/privacy,https://sweet-home.co.il/lang/en,02 Jan 2026 (14:22 UTC)
https://sweet-home.co.il/privacy,https://sweet-home.co.il/lang/de,02 Jan 2026 (14:22 UTC)
https://sweet-home.co.il/privacy,https://sweet-home.co.il/lang/es,02 Jan 2026 (14:22 UTC)
https://sweet-home.co.il/projects,https://sweet-home.co.il/lang/en,02 Jan 2026 (14:22 UTC)
https://sweet-home.co.il/projects,https://sweet-home.co.il/lang/de,02 Jan 2026 (14:22 UTC)
https://sweet-home.co.il/projects,https://sweet-home.co.il/lang/es,02 Jan 2026 (14:22 UTC)
https://sweet-home.co.il/projects/angelonia-gardens-2-by-aristos,https://sweet-home.co.il/lang/en,06 Jan 2026 (19:05 UTC)
https://sweet-home.co.il/projects/angelonia-gardens-2-by-aristos,https://sweet-home.co.il/lang/de,06 Jan 2026 (19:05 UTC)
https://sweet-home.co.il/projects/angelonia-gardens-2-by-aristos,https://sweet-home.co.il/lang/es,06 Jan 2026 (19:05 UTC)
https://sweet-home.co.il/projects/azalea-villas-by-aristos,https://sweet-home.co.il/lang/en,06 Jan 2026 (19:05 UTC)
https://sweet-home.co.il/projects/azalea-villas-by-aristos,https://sweet-home.co.il/lang/de,06 Jan 2026 (19:05 UTC)
https://sweet-home.co.il/projects/azalea-villas-by-aristos,https://sweet-home.co.il/lang/es,06 Jan 2026 (19:05 UTC)
https://sweet-home.co.il/projects/onero-residences-by-aristos,https://sweet-home.co.il/lang/en,06 Jan 2026 (19:05 UTC)
https://sweet-home.co.il/projects/onero-residences-by-aristos,https://sweet-home.co.il/lang/de,06 Jan 2026 (19:05 UTC)
https://sweet-home.co.il/projects/onero-residences-by-aristos,https://sweet-home.co.il/lang/es,06 Jan 2026 (19:05 UTC)
https://sweet-home.co.il/projects/petridia-e-by-aristos,https://sweet-home.co.il/lang/en,06 Jan 2026 (19:05 UTC)
https://sweet-home.co.il/projects/petridia-e-by-aristos,https://sweet-home.co.il/lang/de,06 Jan 2026 (19:05 UTC)
https://sweet-home.co.il/projects/petridia-e-by-aristos,https://sweet-home.co.il/lang/es,06 Jan 2026 (19:05 UTC)
https://sweet-home.co.il/projects/regions,https://sweet-home.co.il/lang/en,02 Jan 2026 (14:22 UTC)
https://sweet-home.co.il/projects/regions,https://sweet-home.co.il/lang/de,02 Jan 2026 (14:22 UTC)
https://sweet-home.co.il/projects/regions,https://sweet-home.co.il/lang/es,02 Jan 2026 (14:22 UTC)
https://sweet-home.co.il/projects/sea-caves-villas,https://sweet-home.co.il/lang/en,06 Jan 2026 (20:58 UTC)
https://sweet-home.co.il/projects/sea-caves-villas,https://sweet-home.co.il/lang/de,06 Jan 2026 (20:58 UTC)
https://sweet-home.co.il/projects/sea-caves-villas,https://sweet-home.co.il/lang/es,06 Jan 2026 (20:58 UTC)
https://sweet-home.co.il/projects?country=Cyprus,https://sweet-home.co.il/lang/en,02 Jan 2026 (14:22 UTC)
https://sweet-home.co.il/projects?country=Cyprus,https://sweet-home.co.il/lang/de,02 Jan 2026 (14:22 UTC)
https://sweet-home.co.il/projects?country=Cyprus,https://sweet-home.co.il/lang/es,02 Jan 2026 (14:22 UTC)
https://sweet-home.co.il/projects?country=Cyprus&city=Paphos,https://sweet-home.co.il/lang/en,06 Jan 2026 (19:05 UTC)
https://sweet-home.co.il/projects?country=Cyprus&city=Paphos,https://sweet-home.co.il/lang/de,06 Jan 2026 (19:05 UTC)
https://sweet-home.co.il/projects?country=Cyprus&city=Paphos,https://sweet-home.co.il/lang/es,06 Jan 2026 (19:05 UTC)
https://sweet-home.co.il/projects?country=Cyprus&city=Paphos&page=4,https://sweet-home.co.il/lang/en,06 Jan 2026 (20:58 UTC)
https://sweet-home.co.il/projects?country=Cyprus&city=Paphos&page=4,https://sweet-home.co.il/lang/de,06 Jan 2026 (20:58 UTC)
https://sweet-home.co.il/projects?country=Cyprus&city=Paphos&page=4,https://sweet-home.co.il/lang/es,06 Jan 2026 (20:58 UTC)
https://sweet-home.co.il/projects?country=UAE&city=Dubai,https://sweet-home.co.il/lang/en,02 Jan 2026 (14:22 UTC)
https://sweet-home.co.il/projects?country=UAE&city=Dubai,https://sweet-home.co.il/lang/de,02 Jan 2026 (14:22 UTC)
https://sweet-home.co.il/projects?country=UAE&city=Dubai,https://sweet-home.co.il/lang/es,02 Jan 2026 (14:22 UTC)
https://sweet-home.co.il/projects?page=1,https://sweet-home.co.il/lang/en,02 Jan 2026 (14:22 UTC)
https://sweet-home.co.il/projects?page=1,https://sweet-home.co.il/lang/de,02 Jan 2026 (14:22 UTC)
https://sweet-home.co.il/projects?page=1,https://sweet-home.co.il/lang/es,02 Jan 2026 (14:22 UTC)
https://sweet-home.co.il/projects?page=2,https://sweet-home.co.il/lang/en,02 Jan 2026 (14:22 UTC)
https://sweet-home.co.il/projects?page=2,https://sweet-home.co.il/lang/de,02 Jan 2026 (14:22 UTC)
https://sweet-home.co.il/projects?page=2,https://sweet-home.co.il/lang/es,02 Jan 2026 (14:22 UTC)
https://sweet-home.co.il/projects?page=3,https://sweet-home.co.il/lang/en,02 Jan 2026 (14:22 UTC)
https://sweet-home.co.il/projects?page=3,https://sweet-home.co.il/lang/de,02 Jan 2026 (14:22 UTC)
https://sweet-home.co.il/projects?page=3,https://sweet-home.co.il/lang/es,02 Jan 2026 (14:22 UTC)
https://sweet-home.co.il/projects?page=4,https://sweet-home.co.il/lang/en,02 Jan 2026 (14:22 UTC)
https://sweet-home.co.il/projects?page=4,https://sweet-home.co.il/lang/de,02 Jan 2026 (14:22 UTC)
https://sweet-home.co.il/projects?page=4,https://sweet-home.co.il/lang/es,02 Jan 2026 (14:22 UTC)
https://sweet-home.co.il/projects?page=5,https://sweet-home.co.il/lang/en,02 Jan 2026 (14:22 UTC)
https://sweet-home.co.il/projects?page=5,https://sweet-home.co.il/lang/de,02 Jan 2026 (14:22 UTC)
https://sweet-home.co.il/projects?page=5,https://sweet-home.co.il/lang/es,02 Jan 2026 (14:22 UTC)
https://sweet-home.co.il/properties,https://sweet-home.co.il/lang/en,02 Jan 2026 (14:22 UTC)
https://sweet-home.co.il/properties,https://sweet-home.co.il/lang/de,02 Jan 2026 (14:22 UTC)
https://sweet-home.co.il/properties,https://sweet-home.co.il/lang/es,02 Jan 2026 (14:22 UTC)
https://sweet-home.co.il/properties/3-bedroom-villa-angelonia-gardens-2-by-aristos,https://sweet-home.co.il/lang/en,06 Jan 2026 (20:58 UTC)
https://sweet-home.co.il/properties/3-bedroom-villa-angelonia-gardens-2-by-aristos,https://sweet-home.co.il/lang/de,06 Jan 2026 (20:58 UTC)
https://sweet-home.co.il/properties/3-bedroom-villa-angelonia-gardens-2-by-aristos,https://sweet-home.co.il/lang/es,06 Jan 2026 (20:58 UTC)
https://sweet-home.co.il/properties/3-bedroom-villa-sea-caves-by-korantina,https://sweet-home.co.il/lang/en,06 Jan 2026 (20:58 UTC)
https://sweet-home.co.il/properties/3-bedroom-villa-sea-caves-by-korantina,https://sweet-home.co.il/lang/de,06 Jan 2026 (20:58 UTC)
https://sweet-home.co.il/properties/3-bedroom-villa-sea-caves-by-korantina,https://sweet-home.co.il/lang/es,06 Jan 2026 (20:58 UTC)
https://sweet-home.co.il/properties/4-bedroom-villa-sea-caves-by-korantina,https://sweet-home.co.il/lang/en,06 Jan 2026 (20:58 UTC)
https://sweet-home.co.il/properties/4-bedroom-villa-sea-caves-by-korantina,https://sweet-home.co.il/lang/de,06 Jan 2026 (20:58 UTC)
https://sweet-home.co.il/properties/4-bedroom-villa-sea-caves-by-korantina,https://sweet-home.co.il/lang/es,06 Jan 2026 (20:58 UTC)
https://sweet-home.co.il/properties?country=Cyprus,https://sweet-home.co.il/lang/en,02 Jan 2026 (14:22 UTC)
https://sweet-home.co.il/properties?country=Cyprus,https://sweet-home.co.il/lang/de,02 Jan 2026 (14:22 UTC)
https://sweet-home.co.il/properties?country=Cyprus,https://sweet-home.co.il/lang/es,02 Jan 2026 (14:22 UTC)
https://sweet-home.co.il/properties?country=Cyprus&city=Paphos,https://sweet-home.co.il/lang/en,06 Jan 2026 (20:58 UTC)
https://sweet-home.co.il/properties?country=Cyprus&city=Paphos,https://sweet-home.co.il/lang/de,06 Jan 2026 (20:58 UTC)
https://sweet-home.co.il/properties?country=Cyprus&city=Paphos,https://sweet-home.co.il/lang/es,06 Jan 2026 (20:58 UTC)
https://sweet-home.co.il/properties?country=Cyprus&page=1,https://sweet-home.co.il/lang/en,02 Jan 2026 (14:22 UTC)
https://sweet-home.co.il/properties?country=Cyprus&page=1,https://sweet-home.co.il/lang/de,02 Jan 2026 (14:22 UTC)
https://sweet-home.co.il/properties?country=Cyprus&page=1,https://sweet-home.co.il/lang/es,02 Jan 2026 (14:22 UTC)
https://sweet-home.co.il/properties?country=Cyprus&page=2,https://sweet-home.co.il/lang/en,02 Jan 2026 (14:22 UTC)
https://sweet-home.co.il/properties?country=Cyprus&page=2,https://sweet-home.co.il/lang/de,02 Jan 2026 (14:22 UTC)
https://sweet-home.co.il/properties?country=Cyprus&page=2,https://sweet-home.co.il/lang/es,02 Jan 2026 (14:22 UTC)
https://sweet-home.co.il/properties?country=Cyprus&page=3,https://sweet-home.co.il/lang/en,02 Jan 2026 (14:22 UTC)
https://sweet-home.co.il/properties?country=Cyprus&page=3,https://sweet-home.co.il/lang/de,02 Jan 2026 (14:22 UTC)
https://sweet-home.co.il/properties?country=Cyprus&page=3,https://sweet-home.co.il/lang/es,02 Jan 2026 (14:22 UTC)
https://sweet-home.co.il/properties?country=Cyprus&page=4,https://sweet-home.co.il/lang/en,02 Jan 2026 (14:22 UTC)
https://sweet-home.co.il/properties?country=Cyprus&page=4,https://sweet-home.co.il/lang/de,02 Jan 2026 (14:22 UTC)
https://sweet-home.co.il/properties?country=Cyprus&page=4,https://sweet-home.co.il/lang/es,02 Jan 2026 (14:22 UTC)
https://sweet-home.co.il/properties?country=Cyprus&page=5,https://sweet-home.co.il/lang/en,02 Jan 2026 (14:22 UTC)
https://sweet-home.co.il/properties?country=Cyprus&page=5,https://sweet-home.co.il/lang/de,02 Jan 2026 (14:22 UTC)
https://sweet-home.co.il/properties?country=Cyprus&page=5,https://sweet-home.co.il/lang/es,02 Jan 2026 (14:22 UTC)
https://sweet-home.co.il/properties?country=Cyprus&page=6,https://sweet-home.co.il/lang/en,02 Jan 2026 (14:22 UTC)
https://sweet-home.co.il/properties?country=Cyprus&page=6,https://sweet-home.co.il/lang/de,02 Jan 2026 (14:22 UTC)
https://sweet-home.co.il/properties?country=Cyprus&page=6,https://sweet-home.co.il/lang/es,02 Jan 2026 (14:22 UTC)
https://sweet-home.co.il/properties?country=Germany&city=Berlin,https://sweet-home.co.il/lang/en,02 Jan 2026 (14:22 UTC)
https://sweet-home.co.il/properties?country=Germany&city=Berlin,https://sweet-home.co.il/lang/de,02 Jan 2026 (14:22 UTC)
https://sweet-home.co.il/properties?country=Germany&city=Berlin,https://sweet-home.co.il/lang/es,02 Jan 2026 (14:22 UTC)
https://sweet-home.co.il/properties?country=Germany&city=Berlin&page=2,https://sweet-home.co.il/lang/en,02 Jan 2026 (14:22 UTC)
https://sweet-home.co.il/properties?country=Germany&city=Berlin&page=2,https://sweet-home.co.il/lang/de,02 Jan 2026 (14:22 UTC)
https://sweet-home.co.il/properties?country=Germany&city=Berlin&page=2,https://sweet-home.co.il/lang/es,02 Jan 2026 (14:22 UTC)
https://sweet-home.co.il/properties?country=Germany&city=Berlin&page=3,https://sweet-home.co.il/lang/en,02 Jan 2026 (14:22 UTC)
https://sweet-home.co.il/properties?country=Germany&city=Berlin&page=3,https://sweet-home.co.il/lang/de,02 Jan 2026 (14:22 UTC)
https://sweet-home.co.il/properties?country=Germany&city=Berlin&page=3,https://sweet-home.co.il/lang/es,02 Jan 2026 (14:22 UTC)
https://sweet-home.co.il/properties?country=Germany&city=Berlin&page=7,https://sweet-home.co.il/lang/en,02 Jan 2026 (14:22 UTC)
https://sweet-home.co.il/properties?country=Germany&city=Berlin&page=7,https://sweet-home.co.il/lang/de,02 Jan 2026 (14:22 UTC)
https://sweet-home.co.il/properties?country=Germany&city=Berlin&page=7,https://sweet-home.co.il/lang/es,02 Jan 2026 (14:22 UTC)
https://sweet-home.co.il/properties?country=UAE&city=Dubai,https://sweet-home.co.il/lang/en,02 Jan 2026 (14:22 UTC)
https://sweet-home.co.il/properties?country=UAE&city=Dubai,https://sweet-home.co.il/lang/de,02 Jan 2026 (14:22 UTC)
https://sweet-home.co.il/properties?country=UAE&city=Dubai,https://sweet-home.co.il/lang/es,02 Jan 2026 (14:22 UTC)
https://sweet-home.co.il/properties?page=1,https://sweet-home.co.il/lang/en,02 Jan 2026 (14:22 UTC)
https://sweet-home.co.il/properties?page=1,https://sweet-home.co.il/lang/de,02 Jan 2026 (14:22 UTC)
https://sweet-home.co.il/properties?page=1,https://sweet-home.co.il/lang/es,02 Jan 2026 (14:22 UTC)
https://sweet-home.co.il/properties?page=11,https://sweet-home.co.il/lang/en,02 Jan 2026 (14:22 UTC)
https://sweet-home.co.il/properties?page=11,https://sweet-home.co.il/lang/de,02 Jan 2026 (14:22 UTC)
https://sweet-home.co.il/properties?page=11,https://sweet-home.co.il/lang/es,02 Jan 2026 (14:22 UTC)
https://sweet-home.co.il/properties?page=12,https://sweet-home.co.il/lang/en,02 Jan 2026 (14:22 UTC)
https://sweet-home.co.il/properties?page=12,https://sweet-home.co.il/lang/de,02 Jan 2026 (14:22 UTC)
https://sweet-home.co.il/properties?page=12,https://sweet-home.co.il/lang/es,02 Jan 2026 (14:22 UTC)
https://sweet-home.co.il/properties?page=13,https://sweet-home.co.il/lang/en,02 Jan 2026 (14:22 UTC)
https://sweet-home.co.il/properties?page=13,https://sweet-home.co.il/lang/de,02 Jan 2026 (14:22 UTC)
https://sweet-home.co.il/properties?page=13,https://sweet-home.co.il/lang/es,02 Jan 2026 (14:22 UTC)
https://sweet-home.co.il/properties?page=2,https://sweet-home.co.il/lang/en,02 Jan 2026 (14:22 UTC)
https://sweet-home.co.il/properties?page=2,https://sweet-home.co.il/lang/de,02 Jan 2026 (14:22 UTC)
https://sweet-home.co.il/properties?page=2,https://sweet-home.co.il/lang/es,02 Jan 2026 (14:22 UTC)
https://sweet-home.co.il/properties?page=3,https://sweet-home.co.il/lang/en,02 Jan 2026 (14:22 UTC)
https://sweet-home.co.il/properties?page=3,https://sweet-home.co.il/lang/de,02 Jan 2026 (14:22 UTC)
https://sweet-home.co.il/properties?page=3,https://sweet-home.co.il/lang/es,02 Jan 2026 (14:22 UTC)
https://sweet-home.co.il/properties?page=4,https://sweet-home.co.il/lang/en,02 Jan 2026 (14:22 UTC)
https://sweet-home.co.il/properties?page=4,https://sweet-home.co.il/lang/de,02 Jan 2026 (14:22 UTC)
https://sweet-home.co.il/properties?page=4,https://sweet-home.co.il/lang/es,02 Jan 2026 (14:22 UTC)
https://sweet-home.co.il/properties?page=5,https://sweet-home.co.il/lang/en,05 Jan 2026 (19:13 UTC)
https://sweet-home.co.il/properties?page=5,https://sweet-home.co.il/lang/de,05 Jan 2026 (19:13 UTC)
https://sweet-home.co.il/properties?page=5,https://sweet-home.co.il/lang/es,05 Jan 2026 (19:13 UTC)
https://sweet-home.co.il/services,https://sweet-home.co.il/lang/en,02 Jan 2026 (14:22 UTC)
https://sweet-home.co.il/services,https://sweet-home.co.il/lang/de,02 Jan 2026 (14:22 UTC)
https://sweet-home.co.il/services,https://sweet-home.co.il/lang/es,02 Jan 2026 (14:22 UTC)
https://sweet-home.co.il/terms,https://sweet-home.co.il/lang/en,02 Jan 2026 (14:22 UTC)
https://sweet-home.co.il/terms,https://sweet-home.co.il/lang/de,02 Jan 2026 (14:22 UTC)
https://sweet-home.co.il/terms,https://sweet-home.co.il/lang/es,02 Jan 2026 (14:22 UTC)
