Page URL,Ratio,Discovered
https://sweet-home.co.il/,0.05,02 Jan 2026 (14:22 UTC)
https://sweet-home.co.il/about,0.05,06 Jan 2026 (21:21 UTC)
https://sweet-home.co.il/blog,0.09,05 Jan 2026 (20:29 UTC)
https://sweet-home.co.il/blog/10-things-nobody-tells-you-about-living-in-berlin-until-youre-already-there,0.09,02 Jan 2026 (14:22 UTC)
https://sweet-home.co.il/blog/buyers-keep-choosing-dubai-and-the-numbers-still-work,0.08,06 Jan 2026 (18:30 UTC)
https://sweet-home.co.il/blog/buying-an-apartment-in-berlin-what-do-you-actually-need,0.08,06 Jan 2026 (18:30 UTC)
https://sweet-home.co.il/blog/dubai-feels-like-the-worlds-most-functional-city,0.07,02 Jan 2026 (14:22 UTC)
https://sweet-home.co.il/blog/so-many-buyers-choose-cyprus-for-property-and-decide-faster-than-anywhere-else,0.08,06 Jan 2026 (21:10 UTC)
https://sweet-home.co.il/blog/why-so-many-europeans-are-quietly-choosing-cyprus-as-their-second-home,0.08,02 Jan 2026 (14:22 UTC)
https://sweet-home.co.il/blog?page=1,0.09,06 Jan 2026 (18:30 UTC)
https://sweet-home.co.il/blog?page=2,0.08,06 Jan 2026 (18:30 UTC)
https://sweet-home.co.il/blog?page=3,0.08,06 Jan 2026 (18:30 UTC)
https://sweet-home.co.il/blog?page=4,0.08,06 Jan 2026 (18:30 UTC)
https://sweet-home.co.il/blog?page=5,0.08,06 Jan 2026 (18:30 UTC)
https://sweet-home.co.il/contact,0.03,02 Jan 2026 (14:22 UTC)
https://sweet-home.co.il/owners,0.04,02 Jan 2026 (14:22 UTC)
https://sweet-home.co.il/privacy,0.10,06 Jan 2026 (19:05 UTC)
https://sweet-home.co.il/projects,0.05,05 Jan 2026 (18:36 UTC)
https://sweet-home.co.il/projects/angelonia-gardens-2-by-aristos,0.05,06 Jan 2026 (21:40 UTC)
https://sweet-home.co.il/projects/azalea-villas-by-aristos,0.04,06 Jan 2026 (21:40 UTC)
https://sweet-home.co.il/projects/cypress-park-retirement-village-5-independent-senior-living,0.06,06 Jan 2026 (21:40 UTC)
https://sweet-home.co.il/projects/regions,0.03,02 Jan 2026 (14:22 UTC)
https://sweet-home.co.il/projects?country=Cyprus,0.06,02 Jan 2026 (14:22 UTC)
https://sweet-home.co.il/projects?country=Cyprus&city=Paphos,0.06,06 Jan 2026 (21:40 UTC)
https://sweet-home.co.il/projects?country=UAE&city=Dubai,0.05,02 Jan 2026 (14:22 UTC)
https://sweet-home.co.il/projects?page=1,0.05,05 Jan 2026 (20:29 UTC)
https://sweet-home.co.il/projects?page=2,0.06,02 Jan 2026 (14:22 UTC)
https://sweet-home.co.il/projects?page=3,0.06,02 Jan 2026 (14:22 UTC)
https://sweet-home.co.il/projects?page=4,0.06,02 Jan 2026 (14:22 UTC)
https://sweet-home.co.il/projects?page=5,0.05,05 Jan 2026 (18:58 UTC)
https://sweet-home.co.il/properties,0.04,02 Jan 2026 (14:22 UTC)
https://sweet-home.co.il/properties/1-bedroom-apartment-cypress-park-retirement-village-by-medousa-developers,0.04,06 Jan 2026 (21:40 UTC)
https://sweet-home.co.il/properties/3-bedroom-apartment-cypress-park-retirement-village-by-medousa-developers,0.04,06 Jan 2026 (21:40 UTC)
https://sweet-home.co.il/properties?country=Cyprus,0.04,02 Jan 2026 (14:22 UTC)
https://sweet-home.co.il/properties?country=Cyprus&page=1,0.04,02 Jan 2026 (14:22 UTC)
https://sweet-home.co.il/properties?country=Cyprus&page=2,0.04,02 Jan 2026 (14:22 UTC)
https://sweet-home.co.il/properties?country=Cyprus&page=3,0.04,02 Jan 2026 (14:22 UTC)
https://sweet-home.co.il/properties?country=Cyprus&page=4,0.04,02 Jan 2026 (14:22 UTC)
https://sweet-home.co.il/properties?country=Cyprus&page=5,0.04,02 Jan 2026 (14:22 UTC)
https://sweet-home.co.il/properties?country=Cyprus&page=6,0.04,02 Jan 2026 (14:22 UTC)
https://sweet-home.co.il/properties?country=Germany&city=Berlin,0.04,02 Jan 2026 (14:22 UTC)
https://sweet-home.co.il/properties?country=Germany&city=Berlin&page=2,0.04,02 Jan 2026 (14:22 UTC)
https://sweet-home.co.il/properties?country=Germany&city=Berlin&page=3,0.04,02 Jan 2026 (14:22 UTC)
https://sweet-home.co.il/properties?country=Germany&city=Berlin&page=7,0.04,02 Jan 2026 (14:22 UTC)
https://sweet-home.co.il/properties?country=UAE&city=Dubai,0.03,02 Jan 2026 (14:22 UTC)
https://sweet-home.co.il/properties?page=1,0.04,02 Jan 2026 (14:22 UTC)
https://sweet-home.co.il/properties?page=11,0.04,02 Jan 2026 (14:22 UTC)
https://sweet-home.co.il/properties?page=12,0.04,02 Jan 2026 (14:22 UTC)
https://sweet-home.co.il/properties?page=13,0.04,02 Jan 2026 (14:22 UTC)
https://sweet-home.co.il/properties?page=2,0.04,02 Jan 2026 (14:22 UTC)
https://sweet-home.co.il/properties?page=3,0.04,02 Jan 2026 (14:22 UTC)
https://sweet-home.co.il/properties?page=4,0.04,02 Jan 2026 (14:22 UTC)
https://sweet-home.co.il/properties?page=5,0.04,05 Jan 2026 (19:13 UTC)
https://sweet-home.co.il/properties?page=6,0.04,06 Jan 2026 (21:40 UTC)
https://sweet-home.co.il/properties?page=7,0.04,06 Jan 2026 (21:40 UTC)
https://sweet-home.co.il/services,0.04,06 Jan 2026 (21:40 UTC)
https://sweet-home.co.il/terms,0.07,06 Jan 2026 (12:24 UTC)
