path,action,target,note,batch
/properties/3-zimmer-wohnung-mit-sudbalkon-in-ruhiger-lage-von-moabit-ideal-fur-eigennutzer-oder-kapitalanleger,301,/properties/for-sale/germany/berlin,/properties/for-sale/germany/berlin (Berlin category),now
/de/immobilien/wedding-osloer-strae-114-19,301,/properties/for-sale/germany/berlin,/properties/for-sale/germany/berlin (Berlin category),now
/blog/the-ai-shift-in-real-estate-why-2026-buyers-are-smarter-and-faster,301,/blog,/blog (or the correct post if the slug changed),now
/properties/rented-studio-with-balcony-in-quiet-courtyard-no-blocking-period,301,/properties/for-sale/germany/berlin,/properties/for-sale/germany/berlin (Berlin category),now
/blog/why-2026-buyers-quietly-pay-more-for-easy-living-buildings,301,/blog,/blog (or the correct post if the slug changed),now
/en/blog/the-hidden-cost-of-cheap-why-the-lowest-price-often-becomes-the-most-expensive-home,301,/blog,/blog (or the correct post if the slug changed),now
/en/blog/dubai-why-service-charges-quietly-decide-your-real-return,301,/blog,/blog (or the correct post if the slug changed),now
/de/blog/why-berlin-still-matters-housing-trends-and-new-realities-shaping-europes-capital,301,/blog,/blog (or the correct post if the slug changed),now
/blog/dubai-the-net-yield-truth,301,/blog,/blog (or the correct post if the slug changed),now
/blog/rent-vs-buy-in-2026-the-new-decision-framework,301,/blog,/blog (or the correct post if the slug changed),now
/de/blog/dubai-in-2026-off-plan-vs-ready-property-how-smart-buyers-decide,301,/blog,/blog (or the correct post if the slug changed),now
/de/blog/berlin-the-street-that-never-loses,301,/blog,/blog (or the correct post if the slug changed),now
/properties/rented-possible-self-use-1-room-apartment-in-top-location-kreuzberg,301,/properties/for-sale/germany/berlin,/properties/for-sale/germany/berlin (Berlin category),now
/de/properties/rented-studio-with-balcony-in-quiet-courtyard-no-blocking-period,301,/properties/for-sale/germany/berlin,/properties/for-sale/germany/berlin (Berlin category),now
/properties/2-room-apartment-in-charlottenburg-available-for-self-use-from-2028,301,/properties/for-sale/germany/berlin,/properties/for-sale/germany/berlin (Berlin category),now
/blog/so-many-buyers-choose-cyprus-for-property-and-decide-faster-than-anywhere-else,301,/blog,/blog (or the correct post if the slug changed),now
/de/blog/whats-driving-dubais-real-estate-boom-6-trends-investors-should-know,301,/blog,/blog (or the correct post if the slug changed),now
/de/blog/climate-energy-and-quiet-costs-the-2026-property-risk-nobody-brags-about,301,/blog,/blog (or the correct post if the slug changed),now
/blog/why-so-many-people-move-to-berlin-for-one-year-and-end-up-staying,301,/blog,/blog (or the correct post if the slug changed),now
/blog/dubai-rentals-in-2026-what-tenants-actually-pay-for-and-what-they-ignore,301,/blog,/blog (or the correct post if the slug changed),now
/blog/real-estate-in-cyprus-why-buyers-commit-faster-here-than-in-most-of-europe,301,/blog,/blog (or the correct post if the slug changed),now
/blog/buyers-who-want-a-second-home-actually-end-up-buying-in-paphos,301,/blog,/blog (or the correct post if the slug changed),now
/blog/how-berlin-compares-to-global-capitals-paris-london-zurich-tokyo,301,/blog,/blog (or the correct post if the slug changed),now
/en/blog/the-ai-shift-in-real-estate-why-2026-buyers-are-smarter-and-faster,301,/blog,/blog (or the correct post if the slug changed),now
/blog/dubai-and-cyprus-how-to-buy-when-travel-is-less-predictable,301,/blog,/blog (or the correct post if the slug changed),now
/blog/dubai-2026-the-supply-wave-isnt-a-disaster-its-a-filter,301,/blog,/blog (or the correct post if the slug changed),now
/blog/holiday-properties-in-cyprus-why-theyre-outperforming-traditional-segments-in-2025,301,/blog,/blog (or the correct post if the slug changed),now
/blog/berlin-the-city-where-waiting-lists-decide-your-life,301,/blog,/blog (or the correct post if the slug changed),now
/de/properties/3-zimmer-wohnung-in-schoneberg-ab-2027-zur-eigennutzung-verfugbar-3-room-apartment-in-schoneberg-available-for-owner-occupancy-from-2027,301,/properties/for-sale/germany/berlin,/properties/for-sale/germany/berlin (Berlin category),now
/blog/the-negotiation-playbook,301,/blog,/blog (or the correct post if the slug changed),now
/blog/cyprus-2026-the-new-buyer-isnt-buying-a-holiday-theyre-buying-a-plan,301,/blog,/blog (or the correct post if the slug changed),now
/blog/climate-energy-and-quiet-costs-the-2026-property-risk-nobody-brags-about,301,/blog,/blog (or the correct post if the slug changed),now
/blog/the-future-buyer-method,301,/blog,/blog (or the correct post if the slug changed),now
/de/blog/buy-like-a-renter-and-youll-rarely-regret-it,301,/blog,/blog (or the correct post if the slug changed),now
/blog/what-people-only-realize-about-berlin-after-living-there-for-a-while,301,/blog,/blog (or the correct post if the slug changed),now
/blog/how-to-avoid-buying-a-summer-only-property,301,/blog,/blog (or the correct post if the slug changed),now
/de/blog/the-one-page-property-brief,301,/blog,/blog (or the correct post if the slug changed),now
/blog/buyers-keep-choosing-dubai-and-the-numbers-still-work,301,/blog,/blog (or the correct post if the slug changed),now
/en/blog/how-to-buy-property-that-stays-liquid-in-any-market,301,/blog,/blog (or the correct post if the slug changed),now
/en/blog/cyprus-second-homes-how-to-buy-a-place-you-love-without-losing-money,301,/blog,/blog (or the correct post if the slug changed),now
/properties/3-rooms-apartment-with-balcony-and-elevator-in-moabit-empty,301,/properties/for-sale/germany/berlin,/properties/for-sale/germany/berlin (Berlin category),now
/blog/residency-in-cyprus-through-real-estate-costs-requirements-and-what-buyers-actually-invest,301,/blog,/blog (or the correct post if the slug changed),now
/en/blog/is-berlin-still-affordable-the-real-reason-prices-are-stabilizing,301,/blog,/blog (or the correct post if the slug changed),now
/en/blog/buy-like-a-renter-and-youll-rarely-regret-it,301,/blog,/blog (or the correct post if the slug changed),now
/en/blog/dubai-why-the-market-is-entering-its-decisive-buyer-era,301,/blog,/blog (or the correct post if the slug changed),now
/en/blog/rent-vs-buy-in-2026-the-new-decision-framework,301,/blog,/blog (or the correct post if the slug changed),now
/en/blog/berlin-in-2026-the-micro-location-rule-that-decides-everything,301,/blog,/blog (or the correct post if the slug changed),now
/en/blog/living-and-investing-in-berlin-real-prices-real-costs-real-facts,301,/blog,/blog (or the correct post if the slug changed),now
/en/blog/cypruss-fastest-moving-city-and-the-islands-business-heart,301,/blog,/blog (or the correct post if the slug changed),now
/en/blog/the-exit-plan-rule-the-real-estate-principle-that-protects-every-buyer,301,/blog,/blog (or the correct post if the slug changed),now
/en/blog/why-germany-remains-europes-most-reliable-real-estate-market,301,/blog,/blog (or the correct post if the slug changed),now
/en/blog/the-60-minute-rule-how-to-know-if-a-property-is-a-good-buy-before-you-fall-in-love,301,/blog,/blog (or the correct post if the slug changed),now
/en/properties/charmante-3-zimmer-altbauwohnung-sichere-kapitalanlage-beauselstrasse-8a,301,/properties/for-sale/germany/berlin,/properties/for-sale/germany/berlin (Berlin category),now
/en/properties/charmante-3-zimmer-wohnung-mit-balkon-im-1-og-im-beliebten-berliner-stadtteil-moabit,301,/properties/for-sale/germany/berlin,/properties/for-sale/germany/berlin (Berlin category),now
/blog/paphos-where-cyprus-feels-timeless-not-touristic,301,/blog,/blog (or the correct post if the slug changed),now
/en/blog/berlin-the-city-where-waiting-lists-decide-your-life,301,/blog,/blog (or the correct post if the slug changed),now
/en/blog/how-berlin-compares-to-global-capitals-paris-london-zurich-tokyo,301,/blog,/blog (or the correct post if the slug changed),now
/en/blog/is-dubai-still-a-good-property-investment-in-2026,301,/blog,/blog (or the correct post if the slug changed),now
/en/blog/dubai-2025-the-real-estate-boom-shows-no-signs-of-slowing,301,/blog,/blog (or the correct post if the slug changed),now
/en/blog/cyprus-2026-why-remote-workers-are-quietly-reshaping-the-islands-property-market,301,/blog,/blog (or the correct post if the slug changed),now
/blog/dubai-feels-like-the-worlds-most-functional-city,301,/blog,/blog (or the correct post if the slug changed),now
/en/blog/berlin-why-the-city-is-shifting-from-renting-culture-to-ownership-culture,301,/blog,/blog (or the correct post if the slug changed),now
/blog/why-cyprus-is-quietly-becoming-a-strategic-base-for-crypto-investors,301,/blog,/blog (or the correct post if the slug changed),now
/blog/berlin-property-the-one-check-that-saves-buyers-from-expensive-regret,301,/blog,/blog (or the correct post if the slug changed),now
/de/properties/sanierungsbedurftige-altbauwohnung-eigennutzung-ab-2027,301,/properties/for-sale/germany/berlin,/properties/for-sale/germany/berlin (Berlin category),now
/blog/is-dubai-still-a-good-property-investment-in-2026,301,/blog,/blog (or the correct post if the slug changed),now
/blog/is-berlin-still-affordable-the-real-reason-prices-are-stabilizing,301,/blog,/blog (or the correct post if the slug changed),now
/en/blog/dubai-vs-cyprus-property-tax-comparison-in-2026,301,/blog,/blog (or the correct post if the slug changed),now
/blog/buy-or-rent-in-berlin-in-2025-a-clear-guide-for-long-term-thinkers,301,/blog,/blog (or the correct post if the slug changed),now
/de/blog/how-berlin-became-europes-test-city-for-the-future-of-housing,301,/blog,/blog (or the correct post if the slug changed),now
/de/blog/dubai-the-net-yield-truth,301,/blog,/blog (or the correct post if the slug changed),now
/de/blog/dubai-the-time-value-city,301,/blog,/blog (or the correct post if the slug changed),now
/blog/cyprus-permanent-residency-planning-without-the-confusion,301,/blog,/blog (or the correct post if the slug changed),now
/blog/why-launch-hype-is-losing-to-livability,301,/blog,/blog (or the correct post if the slug changed),now
/properties/sanierungsbedurftige-altbauwohnung-eigennutzung-ab-2027,301,/properties/for-sale/germany/berlin,/properties/for-sale/germany/berlin (Berlin category),now
/blog/dubai-2026-confidence-without-noise,301,/blog,/blog (or the correct post if the slug changed),now
/de/blog/dubai-the-service-charge-reality,301,/blog,/blog (or the correct post if the slug changed),now
/blog/when-renovating-creates-value-and-when-it-becomes-a-trap,301,/blog,/blog (or the correct post if the slug changed),now
/de/blog/berlin-2026-the-lock-in-effect-explained,301,/blog,/blog (or the correct post if the slug changed),now
/de/blog/berlin-the-relocation-buyer-opportunity,301,/blog,/blog (or the correct post if the slug changed),now
/de/blog/dubai-why-the-market-is-entering-its-decisive-buyer-era,301,/blog,/blog (or the correct post if the slug changed),now
/blog/cyprus-property-the-rare-market-where-the-numbers-dont-change-after-you-decide-to-buy,301,/blog,/blog (or the correct post if the slug changed),now
/blog/berlins-most-underrated-play-in-2026-why-moabit-keeps-winning-quietly,301,/blog,/blog (or the correct post if the slug changed),now
/blog/the-micro-location-advantage-that-buyers-pay-for,301,/blog,/blog (or the correct post if the slug changed),now
/properties/attraktive-3-zimmer-wohnung-mit-balkon-aufzug-in-berlin-moabit-eigenbedarf-moglich,301,/properties/for-sale/germany/berlin,/properties/for-sale/germany/berlin (Berlin category),now
/de/blog/buying-property-in-cyprus-in-2026-the-real-answers-to-is-it-worth-it,301,/blog,/blog (or the correct post if the slug changed),now
/blog/buyers-choose-dubai-when-they-want-property-to-perform,301,/blog,/blog (or the correct post if the slug changed),now
/de/blog/buyers-choose-dubai-when-they-want-property-to-perform,301,/blog,/blog (or the correct post if the slug changed),now
/blog/buying-property-in-cyprus-in-2026-the-real-answers-to-is-it-worth-it,301,/blog,/blog (or the correct post if the slug changed),now
/de/blog/how-to-stop-impulse-buying-real-estate,301,/blog,/blog (or the correct post if the slug changed),now
/blog/why-berlin-still-matters-housing-trends-and-new-realities-shaping-europes-capital,301,/blog,/blog (or the correct post if the slug changed),now
/blog/the-market-shift-no-one-predicted-supply-is-up-demand-is-smarter,301,/blog,/blog (or the correct post if the slug changed),now
/de/blog/why-germany-remains-one-of-the-safest-places-in-europe-to-buy-property,301,/blog,/blog (or the correct post if the slug changed),now
/de/blog/the-micro-location-advantage-that-buyers-pay-for,301,/blog,/blog (or the correct post if the slug changed),now
/de/blog/paphos-the-small-city-that-quietly-became-one-of-europes-most-interesting-property-markets,301,/blog,/blog (or the correct post if the slug changed),now
/de/blog/the-portfolio-map,301,/blog,/blog (or the correct post if the slug changed),now
/de/blog/living-and-investing-in-berlin-real-prices-real-costs-real-facts-2,301,/blog,/blog (or the correct post if the slug changed),now
/de/blog/living-and-investing-in-berlin-real-prices-real-costs-real-facts,301,/blog,/blog (or the correct post if the slug changed),now
/de/blog/why-cyprus-is-quietly-becoming-a-strategic-base-for-crypto-investors,301,/blog,/blog (or the correct post if the slug changed),now
/de/blog/berlin-rental-market-2025-rents-are-rising-fast-and-investors-are-taking-notice,301,/blog,/blog (or the correct post if the slug changed),now
/de/blog/holiday-properties-in-cyprus-why-theyre-outperforming-traditional-segments-in-2025,301,/blog,/blog (or the correct post if the slug changed),now
/de/blog/the-2026-reality-real-estate-is-back-to-being-a-rate-story,301,/blog,/blog (or the correct post if the slug changed),now
/de/blog/life-in-berlin-what-people-really-want-to-know-before-moving-to-germany,301,/blog,/blog (or the correct post if the slug changed),now
/de/blog/why-everyone-wants-dubai-in-2026-the-new-wave-of-property-buyers,301,/blog,/blog (or the correct post if the slug changed),now
/de/blog/why-two-same-price-units-can-perform-completely-differently,301,/blog,/blog (or the correct post if the slug changed),now
/de/blog/when-renovating-creates-value-and-when-it-becomes-a-trap,301,/blog,/blog (or the correct post if the slug changed),now
/blog/paphos-the-small-city-that-quietly-became-one-of-europes-most-interesting-property-markets,301,/blog,/blog (or the correct post if the slug changed),now
/de/blog/paphos-is-becoming-the-mediterraneans-new-lifestyle-capital-in-2026,301,/blog,/blog (or the correct post if the slug changed),now
/de/blog/berlins-vacancy-rate-is-practically-zero-and-thats-a-big-opportunity-for-investors,301,/blog,/blog (or the correct post if the slug changed),now
/de/blog/cyprus-property-the-rare-market-where-the-numbers-dont-change-after-you-decide-to-buy,301,/blog,/blog (or the correct post if the slug changed),now
/de/blog/berlin-property-the-one-check-that-saves-buyers-from-expensive-regret,301,/blog,/blog (or the correct post if the slug changed),now
/de/blog/the-market-shift-no-one-predicted-supply-is-up-demand-is-smarter,301,/blog,/blog (or the correct post if the slug changed),now
/blog/the-simplest-way-to-decide-if-a-property-is-worth-it,301,/blog,/blog (or the correct post if the slug changed),now
/blog/the-handover-reality-checklist,301,/blog,/blog (or the correct post if the slug changed),now
/de/blog/paphos-where-cyprus-feels-timeless-not-touristic,301,/blog,/blog (or the correct post if the slug changed),now
/de/blog/cyprus-is-becoming-a-strategic-investment-hub-for-global-buyers,301,/blog,/blog (or the correct post if the slug changed),now
/blog/berlin-2026-the-lock-in-effect-explained,301,/blog,/blog (or the correct post if the slug changed),now
/blog/berlin-real-estate-in-2026-buyers-are-quietly-coming-back,301,/blog,/blog (or the correct post if the slug changed),now
/de/blog/why-so-many-people-move-to-berlin-for-one-year-and-end-up-staying,301,/blog,/blog (or the correct post if the slug changed),now
/blog/life-in-berlin-what-people-really-want-to-know-before-moving-to-germany,301,/blog,/blog (or the correct post if the slug changed),now
/de/blog/buyers-keep-choosing-dubai-and-the-numbers-still-work,301,/blog,/blog (or the correct post if the slug changed),now
/de/blog/why-cyprus-is-becoming-the-new-second-home-country-for-europeans-in-2026,301,/blog,/blog (or the correct post if the slug changed),now
/blog/cyprus-is-becoming-a-strategic-investment-hub-for-global-buyers,301,/blog,/blog (or the correct post if the slug changed),now
/de/blog/why-germany-remains-europes-most-reliable-real-estate-market,301,/blog,/blog (or the correct post if the slug changed),now
/de/blog/10-things-nobody-tells-you-about-living-in-berlin-until-youre-already-there,301,/blog,/blog (or the correct post if the slug changed),now
/de/blog/dubais-next-big-shift-connectivity-is-the-new-luxury,301,/blog,/blog (or the correct post if the slug changed),now
/blog/berlin-the-relocation-buyer-opportunity,301,/blog,/blog (or the correct post if the slug changed),now
/de/blog/dubai-2026-confidence-without-noise,301,/blog,/blog (or the correct post if the slug changed),now
/de/blog/buying-an-apartment-in-berlin-what-do-you-actually-need,301,/blog,/blog (or the correct post if the slug changed),now
/blog/10-things-nobody-tells-you-about-living-in-berlin-until-youre-already-there,301,/blog,/blog (or the correct post if the slug changed),now
/de/blog/the-future-buyer-method,301,/blog,/blog (or the correct post if the slug changed),now
/de/blog/why-you-should-seriously-consider-berlin-whether-youre-moving-or-investing,301,/blog,/blog (or the correct post if the slug changed),now
/blog/cyprus-2026-the-quiet-power-of-an-eu-lifestyle-base,301,/blog,/blog (or the correct post if the slug changed),now
/de/blog/how-to-avoid-buying-a-summer-only-property,301,/blog,/blog (or the correct post if the slug changed),now
/de/blog/why-2026-buyers-quietly-pay-more-for-easy-living-buildings,301,/blog,/blog (or the correct post if the slug changed),now
/de/blog/rent-vs-buy-in-2026-the-new-decision-framework,301,/blog,/blog (or the correct post if the slug changed),now
/de/blog/cyprus-the-hybrid-home,301,/blog,/blog (or the correct post if the slug changed),now
/de/blog/berlins-housing-demand-an-unmatched-opportunity-for-investors,301,/blog,/blog (or the correct post if the slug changed),now
/de/blog/the-exit-plan-rule-the-real-estate-principle-that-protects-every-buyer,301,/blog,/blog (or the correct post if the slug changed),now
/blog/why-so-many-europeans-are-quietly-choosing-cyprus-as-their-second-home,301,/blog,/blog (or the correct post if the slug changed),now
/de/blog/the-hidden-cost-of-cheap-why-the-lowest-price-often-becomes-the-most-expensive-home,301,/blog,/blog (or the correct post if the slug changed),now
/de/blog/dubai-and-cyprus-how-to-buy-when-travel-is-less-predictable,301,/blog,/blog (or the correct post if the slug changed),now
/de/blog/the-simplest-way-to-decide-if-a-property-is-worth-it,301,/blog,/blog (or the correct post if the slug changed),now
/de/blog/cyprus-the-hybrid-home-strategy,301,/blog,/blog (or the correct post if the slug changed),now
/de/blog/cyprus-2026-why-remote-workers-are-quietly-reshaping-the-islands-property-market,301,/blog,/blog (or the correct post if the slug changed),now
/de/blog/cyprus-permanent-residency-planning-without-the-confusion,301,/blog,/blog (or the correct post if the slug changed),now
/de/blog/the-three-bucket-strategy-how-investors-build-a-smarter-portfolio-across-countries,301,/blog,/blog (or the correct post if the slug changed),now
/blog/dubai-the-service-charge-reality,301,/blog,/blog (or the correct post if the slug changed),now
/blog/the-one-page-property-brief,301,/blog,/blog (or the correct post if the slug changed),now
/de/blog/dubai-2026-the-supply-wave-isnt-a-disaster-its-a-filter,301,/blog,/blog (or the correct post if the slug changed),now
/de/blog/berlins-most-underrated-play-in-2026-why-moabit-keeps-winning-quietly,301,/blog,/blog (or the correct post if the slug changed),now
/de/blog/residency-in-cyprus-through-real-estate-costs-requirements-and-what-buyers-actually-invest,301,/blog,/blog (or the correct post if the slug changed),now
/de/blog/dubai-the-city-that-turned-infrastructure-into-lifestyle,301,/blog,/blog (or the correct post if the slug changed),now
/de/blog/cyprus-the-hybrid-home-strategy-2,301,/blog,/blog (or the correct post if the slug changed),now
/blog/the-2026-reality-real-estate-is-back-to-being-a-rate-story,301,/blog,/blog (or the correct post if the slug changed),now
/de/blog/the-fastest-way-to-tell-if-a-property-makes-financial-sense,301,/blog,/blog (or the correct post if the slug changed),now
/blog/residency-in-europe-why-real-estate-is-the-simplest-entry-point,301,/blog,/blog (or the correct post if the slug changed),now
/de/blog/what-people-only-realize-about-berlin-after-living-there-for-a-while,301,/blog,/blog (or the correct post if the slug changed),now
/de/blog/the-handover-reality-checklist,301,/blog,/blog (or the correct post if the slug changed),now
/blog/dubai-2025-the-real-estate-boom-shows-no-signs-of-slowing,301,/blog,/blog (or the correct post if the slug changed),now
/de/blog/berlin-real-estate-in-2026-buyers-are-quietly-coming-back,301,/blog,/blog (or the correct post if the slug changed),now
/blog/the-portfolio-map,301,/blog,/blog (or the correct post if the slug changed),now
/blog/germany-in-2026-the-construction-signal-everyone-misses,301,/blog,/blog (or the correct post if the slug changed),now
/de/blog/berlin-the-kiez-effect-and-why-one-street-can-change-everything,301,/blog,/blog (or the correct post if the slug changed),now
/blog/how-much-cash-do-i-really-need-to-buy-property-in-germany,301,/blog,/blog (or the correct post if the slug changed),now
/properties/spacious-4-room-apartment-in-spandau-solid-investment-with-future-potential,301,/properties/for-sale/germany/berlin,/properties/for-sale/germany/berlin (Berlin category),now
/blog/why-cyprus-is-becoming-the-new-second-home-country-for-europeans-in-2026,301,/blog,/blog (or the correct post if the slug changed),now
/blog/berlins-housing-demand-an-unmatched-opportunity-for-investors,301,/blog,/blog (or the correct post if the slug changed),now
/blog/how-berlin-became-europes-test-city-for-the-future-of-housing,301,/blog,/blog (or the correct post if the slug changed),now
/blog/dubai-in-2026-off-plan-vs-ready-property-how-smart-buyers-decide,301,/blog,/blog (or the correct post if the slug changed),now
/blog/whats-driving-dubais-real-estate-boom-6-trends-investors-should-know,301,/blog,/blog (or the correct post if the slug changed),now
/blog/buying-an-apartment-in-berlin-what-do-you-actually-need,301,/blog,/blog (or the correct post if the slug changed),now
/blog/why-everyone-wants-dubai-in-2026-the-new-wave-of-property-buyers,301,/blog,/blog (or the correct post if the slug changed),now
/blog/germany-keeps-attracting-people-who-want-stability-not-noise,301,/blog,/blog (or the correct post if the slug changed),now
/de/blog/the-rental-ready-formula,301,/blog,/blog (or the correct post if the slug changed),now
/de/blog/berlin-why-the-city-is-shifting-from-renting-culture-to-ownership-culture,301,/blog,/blog (or the correct post if the slug changed),now
/de/blog/dubai-vs-cyprus-property-tax-comparison-in-2026,301,/blog,/blog (or the correct post if the slug changed),now
/de/blog/dubai-feels-like-the-worlds-most-functional-city,301,/blog,/blog (or the correct post if the slug changed),now
/de/blog/the-new-cyprus-trend-buying-for-retirement-before-you-need-it,301,/blog,/blog (or the correct post if the slug changed),now
/blog/the-new-cyprus-trend-buying-for-retirement-before-you-need-it,301,/blog,/blog (or the correct post if the slug changed),now
/blog/dubai-the-city-that-turned-infrastructure-into-lifestyle,301,/blog,/blog (or the correct post if the slug changed),now
/blog/living-and-investing-in-berlin-real-prices-real-costs-real-facts,301,/blog,/blog (or the correct post if the slug changed),now
/blog/cyprus-the-hybrid-home,301,/blog,/blog (or the correct post if the slug changed),now
/de/blog/why-so-many-europeans-are-quietly-choosing-cyprus-as-their-second-home,301,/blog,/blog (or the correct post if the slug changed),now
/de/blog/berlin-the-building-health-test,301,/blog,/blog (or the correct post if the slug changed),now
/blog/rental-yields-in-dubai-vs-major-european-cities-a-comparative-guide,301,/blog,/blog (or the correct post if the slug changed),now
/de/blog/residency-in-europe-why-real-estate-is-the-simplest-entry-point,301,/blog,/blog (or the correct post if the slug changed),now
/de/blog/the-ai-shift-in-real-estate-why-2026-buyers-are-smarter-and-faster,301,/blog,/blog (or the correct post if the slug changed),now
/de/blog/cyprus-2026-the-new-buyer-isnt-buying-a-holiday-theyre-buying-a-plan,301,/blog,/blog (or the correct post if the slug changed),now
/de/blog/germany-in-2026-the-construction-signal-everyone-misses,301,/blog,/blog (or the correct post if the slug changed),now
/de/blog/berlin-the-capital-of-micro-neighborhoods-and-long-term-demand,301,/blog,/blog (or the correct post if the slug changed),now
/properties/kapitalanlage-in-friedrichshain-vermietete-altbauwohnung-in-top-lage,301,/properties/for-sale/germany/berlin,/properties/for-sale/germany/berlin (Berlin category),now
/de/blog/so-many-buyers-choose-cyprus-for-property-and-decide-faster-than-anywhere-else,301,/blog,/blog (or the correct post if the slug changed),now
/de/blog/the-60-minute-rule-how-to-know-if-a-property-is-a-good-buy-before-you-fall-in-love,301,/blog,/blog (or the correct post if the slug changed),now
/de/blog/real-estate-in-cyprus-why-buyers-commit-faster-here-than-in-most-of-europe,301,/blog,/blog (or the correct post if the slug changed),now
/de/blog/germany-keeps-attracting-people-who-want-stability-not-noise,301,/blog,/blog (or the correct post if the slug changed),now
/de/blog/why-launch-hype-is-losing-to-livability,301,/blog,/blog (or the correct post if the slug changed),now
/blog/how-to-stop-impulse-buying-real-estate,301,/blog,/blog (or the correct post if the slug changed),now
/blog/cyprus-the-hybrid-home-strategy,301,/blog,/blog (or the correct post if the slug changed),now
/blog/why-germany-remains-one-of-the-safest-places-in-europe-to-buy-property,301,/blog,/blog (or the correct post if the slug changed),now
/blog/the-smart-buyers-guide-to-avoiding-renovation-traps,301,/blog,/blog (or the correct post if the slug changed),now
/properties/4-bedroom-villa-azalea-villas-by-aristos,301,/properties/for-sale/germany/berlin,/properties/for-sale/germany/berlin (Berlin category),now
/blog/paphos-is-becoming-the-mediterraneans-new-lifestyle-capital-in-2026,301,/blog,/blog (or the correct post if the slug changed),now
/blog/why-you-should-seriously-consider-berlin-whether-youre-moving-or-investing,301,/blog,/blog (or the correct post if the slug changed),now
/blog/berlin-the-capital-of-micro-neighborhoods-and-long-term-demand,301,/blog,/blog (or the correct post if the slug changed),now
/blog/dubais-next-big-shift-connectivity-is-the-new-luxury,301,/blog,/blog (or the correct post if the slug changed),now
/blog/living-and-investing-in-berlin-real-prices-real-costs-real-facts-2,301,/blog,/blog (or the correct post if the slug changed),now
/blog/cyprus-vs-dubai-which-one-makes-more-sense-for-living-or-investing,301,/blog,/blog (or the correct post if the slug changed),now
/en/properties/neuklln-hobrechtstr-40,301,/properties/for-sale/germany/berlin,/properties/for-sale/germany/berlin (Berlin category),now
/blog/why-two-same-price-units-can-perform-completely-differently,301,/blog,/blog (or the correct post if the slug changed),now
/properties/2-room-apartment-in-the-heart-of-charlottenburg-owner-occupancy-possible,301,/properties/for-sale/germany/berlin,/properties/for-sale/germany/berlin (Berlin category),now
/properties/4-bedroom-apartment,301,/properties/for-sale/germany/berlin,/properties/for-sale/germany/berlin (Berlin category),now
/properties/charmante-3-zimmer-altbauwohnung-mit-loggia-in-moabit-bezugsfreie,301,/properties/for-sale/germany/berlin,/properties/for-sale/germany/berlin (Berlin category),now
/de/blog/rental-yields-in-dubai-vs-major-european-cities-a-comparative-guide,301,/blog,/blog (or the correct post if the slug changed),now
/de/blog/dubai-rentals-in-2026-what-tenants-actually-pay-for-and-what-they-ignore,301,/blog,/blog (or the correct post if the slug changed),now
/en/blog/germany-keeps-attracting-people-who-want-stability-not-noise,301,/blog,/blog (or the correct post if the slug changed),now
/properties/charmante-3-zimmer-altbauwohnung-sichere-kapitalanlage-beauselstrasse-8a,301,/properties/for-sale/germany/berlin,/properties/for-sale/germany/berlin (Berlin category),now
/properties/bezugsfreie-3-zimmer-altbauwohnung-in-neukolln-1-og-8010-m,301,/properties/for-sale/germany/berlin,/properties/for-sale/germany/berlin (Berlin category),now
/en/blog/why-germany-remains-one-of-the-safest-places-in-europe-to-buy-property,301,/blog,/blog (or the correct post if the slug changed),now
/blog/dubai-vs-cyprus-property-tax-comparison-in-2026,301,/blog,/blog (or the correct post if the slug changed),now
/de/blog/cyprus-vs-dubai-which-one-makes-more-sense-for-living-or-investing,301,/blog,/blog (or the correct post if the slug changed),now
/properties/2-bedroom-apartment-adonidos-gardens-by-medousa-developers,301,/properties/for-sale/germany/berlin,/properties/for-sale/germany/berlin (Berlin category),now
/en/blog/the-simplest-way-to-decide-if-a-property-is-worth-it,301,/blog,/blog (or the correct post if the slug changed),now
/en/blog/dubai-the-city-that-turned-infrastructure-into-lifestyle,301,/blog,/blog (or the correct post if the slug changed),now
/blog/dubai-why-the-market-is-entering-its-decisive-buyer-era,301,/blog,/blog (or the correct post if the slug changed),now
/de/properties/for-sale/germany/berlin,301,/properties/for-sale/germany/berlin,/properties/for-sale/germany/berlin (Berlin category),now
/properties/2-bedroom-duplex-panorama-apartments,301,/properties/for-sale/germany/berlin,/properties/for-sale/germany/berlin (Berlin category),now
/properties/1-bedroom-apartment-damac-riverside-views,301,/properties/for-sale/germany/berlin,/properties/for-sale/germany/berlin (Berlin category),now
/de/blog,301,/blog,/blog (or the correct post if the slug changed),now
/de/blog,301,/blog,/blog (or the correct post if the slug changed),now
/properties/2-bedroom-penthouse-panorama-apartments,301,/properties/for-sale/germany/berlin,/properties/for-sale/germany/berlin (Berlin category),now
/properties/2-bedroom-apartment-damac-riverside-views,301,/properties/for-sale/germany/berlin,/properties/for-sale/germany/berlin (Berlin category),now
/properties/rented-1-room-investment-opportunity-in-friedrichshain,301,/properties/for-sale/germany/berlin,/properties/for-sale/germany/berlin (Berlin category),now
/en/properties/moabit-stephanstr-52-3,301,/properties/for-sale/germany/berlin,/properties/for-sale/germany/berlin (Berlin category),now
/properties/charming-1-room-altbau-apartment-with-balcony-near-schafersee,301,/properties/for-sale/germany/berlin,/properties/for-sale/germany/berlin (Berlin category),now
/de/properties/neuklln-donaustr-10-11-53,301,/properties/for-sale/germany/berlin,/properties/for-sale/germany/berlin (Berlin category),now
/properties/3-bedroom-sky-mansion-bugatti-residences-3,301,/properties/for-sale/germany/berlin,/properties/for-sale/germany/berlin (Berlin category),now
/properties/spacious-4-room-altbau-apartment-in-wedding,301,/properties/for-sale/germany/berlin,/properties/for-sale/germany/berlin (Berlin category),now
/properties/3-room-apartment-in-schoneberg-available-for-owner-occupancy-from-2027,301,/properties/for-sale/germany/berlin,/properties/for-sale/germany/berlin (Berlin category),now
/en/properties/page/5,301,/properties/for-sale/germany/berlin,/properties/for-sale/germany/berlin (Berlin category),now
/properties/6-bedroom-signature-villa-maldives-cluster-damac-islands,301,/properties/for-sale/germany/berlin,/properties/for-sale/germany/berlin (Berlin category),now
/properties/5-bedroom-villa-maldives-cluster-damac-islands,301,/properties/for-sale/germany/berlin,/properties/for-sale/germany/berlin (Berlin category),now
/properties/1-bedroom-apartment-golf-greens-damac-hills,301,/properties/for-sale/germany/berlin,/properties/for-sale/germany/berlin (Berlin category),now
/properties/4-bedroom-villa-fiji-cluster-damac-islands,301,/properties/for-sale/germany/berlin,/properties/for-sale/germany/berlin (Berlin category),now
/properties/furnished-15-room-apartment-oldenburger-strasse-28-moabit,301,/properties/for-sale/germany/berlin,/properties/for-sale/germany/berlin (Berlin category),now
/properties/3-bedroom-penthouse-chelsea-residences-by-damac,301,/properties/for-sale/germany/berlin,/properties/for-sale/germany/berlin (Berlin category),now
/properties/inviting-2-room-altbau-apartment-in-neukolln,301,/properties/for-sale/germany/berlin,/properties/for-sale/germany/berlin (Berlin category),now
/properties/2-bedroom-apartment-panorama-apartments,301,/properties/for-sale/germany/berlin,/properties/for-sale/germany/berlin (Berlin category),now
/properties/2-bedroom-apartment-adonidos-gardens,301,/properties/for-sale/germany/berlin,/properties/for-sale/germany/berlin (Berlin category),now
/properties/1-bedroom-apartment-soho-resort-paphos,301,/properties/for-sale/germany/berlin,/properties/for-sale/germany/berlin (Berlin category),now
/properties/expansive-6-room-apartment-in-the-heart-of-kreuzberg,301,/properties/for-sale/germany/berlin,/properties/for-sale/germany/berlin (Berlin category),now
/properties/spacious-3-room-apartment-with-balcony-in-reinickendorf,301,/properties/for-sale/germany/berlin,/properties/for-sale/germany/berlin (Berlin category),now
/properties/spacious-2-room-apartment-stephanstrasse-52-moabit,301,/properties/for-sale/germany/berlin,/properties/for-sale/germany/berlin (Berlin category),now
/properties/3-bedroom-apartment-cypress-park-retirement-village,301,/properties/for-sale/germany/berlin,/properties/for-sale/germany/berlin (Berlin category),now
/properties/spacious-2-room-apartment-stephanstrasse-moabit,301,/properties/for-sale/germany/berlin,/properties/for-sale/germany/berlin (Berlin category),now
/properties/3-bedroom-apartment-soho-resort-paphos,301,/properties/for-sale/germany/berlin,/properties/for-sale/germany/berlin (Berlin category),now
/properties/renovated-2-room-apartment-hansastrasse-16-wedding,301,/properties/for-sale/germany/berlin,/properties/for-sale/germany/berlin (Berlin category),now
/properties/furnished-15-room-apartment-oldenburger-strasse-moabit,301,/properties/for-sale/germany/berlin,/properties/for-sale/germany/berlin (Berlin category),now
/de/properties/kreuzberg-stresemannstr-34-28,301,/properties/for-sale/germany/berlin,/properties/for-sale/germany/berlin (Berlin category),now
/en/properties/steglitz-thorwaldsenstr-22-8,301,/properties/for-sale/germany/berlin,/properties/for-sale/germany/berlin (Berlin category),now
/properties/1-bedroom-apartment-chelsea-residences-by-damac,301,/properties/for-sale/germany/berlin,/properties/for-sale/germany/berlin (Berlin category),now
/properties/2-bedroom-apartment-golf-greens-damac-hills,301,/properties/for-sale/germany/berlin,/properties/for-sale/germany/berlin (Berlin category),now
/ערים-מרכזיות-באיזור,410,,"old Hebrew URL, gone",now
/70439285100.htm,410,,legacy / no equivalent,now
/7812856655.htm,410,,legacy / no equivalent,now
/55543286314.htm,410,,legacy / no equivalent,now
/78128238552.htm,410,,legacy / no equivalent,now
/55543140825.htm,410,,legacy / no equivalent,now
/78128150208.htm,410,,legacy / no equivalent,now
/99981332855.htm,410,,legacy / no equivalent,now
/99981202643.htm,410,,legacy / no equivalent,now
/55543271806.htm,410,,legacy / no equivalent,now
/en/real-estate-prices-in-berlin-2022-statistics-evolution,410,,legacy / no equivalent,now
/44129852,410,,legacy / no equivalent,now
/5554375473.htm,410,,legacy / no equivalent,now
/lp_business_gift,410,,legacy / no equivalent,now
/70439201956.htm,410,,legacy / no equivalent,now
/de/die-besten-orte-zum-fruehstueck-in-berlin,410,,legacy / no equivalent,now
/de/projects,410,,legacy / no equivalent,now
/de/properties,410,,legacy / no equivalent,now
/api/leads/berlin-investor-strategy,410,,legacy / no equivalent,now
/de/properties,410,,legacy / no equivalent,now
/de/properties,410,,legacy / no equivalent,now
/de/properties,410,,legacy / no equivalent,now
/de/properties,410,,legacy / no equivalent,now
/70439212674.htm,410,,legacy / no equivalent,now
/de/properties,410,,legacy / no equivalent,now
/de/properties,410,,legacy / no equivalent,now
/de/properties,410,,legacy / no equivalent,now
/de/properties,410,,legacy / no equivalent,now
/de/properties,410,,legacy / no equivalent,now
/de/properties,410,,legacy / no equivalent,now
/de/properties,410,,legacy / no equivalent,now
/de/properties,410,,legacy / no equivalent,now
/9802925807.htm,410,,legacy / no equivalent,now
/de/properties,410,,legacy / no equivalent,now
/99981113999.htm,410,,legacy / no equivalent,now
/de/properties,410,,legacy / no equivalent,now
/de/properties,410,,legacy / no equivalent,now
/de/properties,410,,legacy / no equivalent,now
/de/properties,410,,legacy / no equivalent,now
/70439104654.htm,410,,legacy / no equivalent,now
/98029220187.htm,410,,legacy / no equivalent,now
/55543125809.htm,410,,legacy / no equivalent,now
/5554320934.htm,410,,legacy / no equivalent,now
/9998142412.htm,410,,legacy / no equivalent,now
/55543103534.htm,410,,legacy / no equivalent,now
/78128173089.htm,410,,legacy / no equivalent,now
/55543256179.htm,410,,legacy / no equivalent,now
/98029109699.htm,410,,legacy / no equivalent,now
/99981319195.htm,410,,legacy / no equivalent,now
/de/advanced-search,410,,legacy / no equivalent,now
/de/properties-feed/moabit-huttenstr-71-47,410,,legacy / no equivalent,now
/en/category/the-investor-guide-in-berlin,410,,legacy / no equivalent,now
/de/advanced-search/page/3,410,,legacy / no equivalent,now
/de/advanced-search/page/6,410,,legacy / no equivalent,now
/de/properties-feed/wilmersdorf-dusseldorfer-str-69-3,410,,legacy / no equivalent,now
/de/advanced-search/page/2,410,,legacy / no equivalent,now
/en/staff,410,,legacy / no equivalent,now
/de/advanced-search/page/4,410,,legacy / no equivalent,now
/9802924569.htm,410,,legacy / no equivalent,now
/en/berlin-neighborhoods,410,,legacy / no equivalent,now
/en/properties-feed/wedding-fehmarnerstr-22-26,410,,legacy / no equivalent,now
/en/the-5-most-popular-neighborhoods-to-buy-property-in-berlin,410,,legacy / no equivalent,now
/en/properties-feed/moabit-huttenstr-71-40,410,,legacy / no equivalent,now
/55543290019.htm,410,,legacy / no equivalent,now
/de/entdecken-sie-berlins-verborgene-orte,410,,legacy / no equivalent,now
/mypage/recommendation_by_ai,410,,legacy / no equivalent,now
/area/wedding,410,,legacy / no equivalent,now
/de/category/lebensstil-in-berlin/page/3,410,,legacy / no equivalent,now
/de/state/deutschland/page/2,410,,legacy / no equivalent,now
/en/places-for-sweets-lovers-in-berlin,410,,"legacy, no equivalent",now
/98029222209.htm,410,,legacy / no equivalent,now
/mypage/favorite_products,410,,legacy / no equivalent,now
/70439191309.htm,410,,legacy / no equivalent,now
/98029243954.htm,410,,legacy / no equivalent,now
/de/area/lichtenberg-de,410,,legacy / no equivalent,now
/70439118304.htm,410,,legacy / no equivalent,now
/7812875100.htm,410,,legacy / no equivalent,now
/5554325957.htm,410,,legacy / no equivalent,now
/99981187427.htm,410,,legacy / no equivalent,now
/http://www.sweet-home.co.il/en/area/wedding-en,410,,legacy / no equivalent,now
/en/area/wedding-en,410,,"legacy, no equivalent",now
/en/real-estate-in-germany-land-tax-new-law-2,410,,legacy / no equivalent,now
/de/properties-feed/wedding-fehmarnerstr-22-39,410,,legacy / no equivalent,now
/en/properties-feed/moabit-huttenstr-71-7,410,,legacy / no equivalent,now
/en/real-estate-prices-in-berlin-2022-statistics-evolution,410,,legacy / no equivalent,now
/999819093.htm,410,,legacy / no equivalent,now
/99981338946.htm,410,,legacy / no equivalent,now
/de/finanzierungsmoglichkeiten-fur-den-auslandischen-investor-old,410,,legacy / no equivalent,now
/http://www.sweet-home.co.il/default.asp,410,,legacy / no equivalent,now
/en/real-estate-in-germany-land-tax-new-law-2,410,,legacy / no equivalent,now
/de/orte-fuer-suessigkeitenliebhaber-in-berlin,410,,legacy / no equivalent,now
/en/places-for-sweets-lovers-in-berlin,410,,"legacy, no equivalent",now
/en,410,,legacy / no equivalent,now
/78128122197.htm,410,,legacy / no equivalent,now
/content-hub/index.php,410,,legacy / no equivalent,now
/es/blog/the-exit-plan-rule-the-real-estate-principle-that-protects-every-buyer,301 (Spanish removal),,"301 to the DE or EN equivalent; if none, 410",spanish_removal
/es/blog/dubai-why-service-charges-quietly-decide-your-real-return,301 (Spanish removal),,"301 to the DE or EN equivalent; if none, 410",spanish_removal
/es/blog/the-hidden-cost-of-cheap-why-the-lowest-price-often-becomes-the-most-expensive-home,301 (Spanish removal),,"301 to the DE or EN equivalent; if none, 410",spanish_removal
/es/blog/the-60-minute-rule-how-to-know-if-a-property-is-a-good-buy-before-you-fall-in-love,301 (Spanish removal),,"301 to the DE or EN equivalent; if none, 410",spanish_removal
/es/properties/super-profitables-mfh-am-s-bahn-tegel-mit-20-we-2-ge,301 (Spanish removal),,"301 to the DE or EN equivalent; if none, 410",spanish_removal
/es/properties/charmante-3-zimmer-wohnung-mit-balkon-im-1-og-im-beliebten-berliner-stadtteil-moabit,301 (Spanish removal),,"301 to the DE or EN equivalent; if none, 410",spanish_removal
/es/properties/geraumige-3-zimmer-wohnung-in-kanalnahe-in-neukolln-ab-sofort-bezugsfertig,301 (Spanish removal),,"301 to the DE or EN equivalent; if none, 410",spanish_removal
/es/blog/when-renovating-creates-value-and-when-it-becomes-a-trap,301 (Spanish removal),,"301 to the DE or EN equivalent; if none, 410",spanish_removal
/es/blog/living-and-investing-in-berlin-real-prices-real-costs-real-facts,301 (Spanish removal),,"301 to the DE or EN equivalent; if none, 410",spanish_removal
/es/properties/3-zimmer-wohnung-mit-sudbalkon-in-ruhiger-lage-von-moabit-ideal-fur-eigennutzer-oder-kapitalanleger,301 (Spanish removal),,"301 to the DE or EN equivalent; if none, 410",spanish_removal
/es/blog/dubai-rentals-in-2026-what-tenants-actually-pay-for-and-what-they-ignore,301 (Spanish removal),,"301 to the DE or EN equivalent; if none, 410",spanish_removal
/es/properties/sehr-gepflegtes-mfh-im-prenzlauer-berg-mit-20-we-2-gew,301 (Spanish removal),,"301 to the DE or EN equivalent; if none, 410",spanish_removal
/es/blog/is-dubai-still-a-good-property-investment-in-2026,301 (Spanish removal),,"301 to the DE or EN equivalent; if none, 410",spanish_removal
/es/blog/how-to-buy-property-that-stays-liquid-in-any-market,301 (Spanish removal),,"301 to the DE or EN equivalent; if none, 410",spanish_removal
/es/blog/berlin-why-the-city-is-shifting-from-renting-culture-to-ownership-culture,301 (Spanish removal),,"301 to the DE or EN equivalent; if none, 410",spanish_removal
/es/blog/why-germany-remains-europes-most-reliable-real-estate-market,301 (Spanish removal),,"301 to the DE or EN equivalent; if none, 410",spanish_removal
/es/blog/how-berlin-compares-to-global-capitals-paris-london-zurich-tokyo,301 (Spanish removal),,"301 to the DE or EN equivalent; if none, 410",spanish_removal
/es/blog/berlin-the-city-where-waiting-lists-decide-your-life,301 (Spanish removal),,"301 to the DE or EN equivalent; if none, 410",spanish_removal
/es/blog/the-simplest-way-to-decide-if-a-property-is-worth-it,301 (Spanish removal),,"301 to the DE or EN equivalent; if none, 410",spanish_removal
/es/blog/dubai-2025-the-real-estate-boom-shows-no-signs-of-slowing,301 (Spanish removal),,"301 to the DE or EN equivalent; if none, 410",spanish_removal
/es/blog/is-berlin-still-affordable-the-real-reason-prices-are-stabilizing,301 (Spanish removal),,"301 to the DE or EN equivalent; if none, 410",spanish_removal
/es/blog/cyprus-second-homes-how-to-buy-a-place-you-love-without-losing-money,301 (Spanish removal),,"301 to the DE or EN equivalent; if none, 410",spanish_removal
/es/blog/cyprus-is-becoming-a-strategic-investment-hub-for-global-buyers,301 (Spanish removal),,"301 to the DE or EN equivalent; if none, 410",spanish_removal
/es/blog/dubai-vs-cyprus-property-tax-comparison-in-2026,301 (Spanish removal),,"301 to the DE or EN equivalent; if none, 410",spanish_removal
/es/blog/buy-like-a-renter-and-youll-rarely-regret-it,301 (Spanish removal),,"301 to the DE or EN equivalent; if none, 410",spanish_removal
/es/blog/the-ai-shift-in-real-estate-why-2026-buyers-are-smarter-and-faster,301 (Spanish removal),,"301 to the DE or EN equivalent; if none, 410",spanish_removal
/es/blog/berlin-2026-the-lock-in-effect-explained,301 (Spanish removal),,"301 to the DE or EN equivalent; if none, 410",spanish_removal
/es/blog/berlin-in-2026-the-micro-location-rule-that-decides-everything,301 (Spanish removal),,"301 to the DE or EN equivalent; if none, 410",spanish_removal
/es/blog/dubai-and-cyprus-how-to-buy-when-travel-is-less-predictable,301 (Spanish removal),,"301 to the DE or EN equivalent; if none, 410",spanish_removal
/es/blog/why-launch-hype-is-losing-to-livability,301 (Spanish removal),,"301 to the DE or EN equivalent; if none, 410",spanish_removal
/es/blog/dubai-why-the-market-is-entering-its-decisive-buyer-era,301 (Spanish removal),,"301 to the DE or EN equivalent; if none, 410",spanish_removal
/es/blog/the-one-page-property-brief,301 (Spanish removal),,"301 to the DE or EN equivalent; if none, 410",spanish_removal
/es/blog/cyprus-the-hybrid-home-strategy-2,301 (Spanish removal),,"301 to the DE or EN equivalent; if none, 410",spanish_removal
/es/blog/cyprus-permanent-residency-planning-without-the-confusion,301 (Spanish removal),,"301 to the DE or EN equivalent; if none, 410",spanish_removal
/es/blog/rent-vs-buy-in-2026-the-new-decision-framework,301 (Spanish removal),,"301 to the DE or EN equivalent; if none, 410",spanish_removal
/es/blog/dubai-2026-confidence-without-noise,301 (Spanish removal),,"301 to the DE or EN equivalent; if none, 410",spanish_removal
/es/blog/cyprus-2026-the-quiet-power-of-an-eu-lifestyle-base,301 (Spanish removal),,"301 to the DE or EN equivalent; if none, 410",spanish_removal
/es/blog/residency-in-europe-why-real-estate-is-the-simplest-entry-point,301 (Spanish removal),,"301 to the DE or EN equivalent; if none, 410",spanish_removal
/es/blog/berlins-housing-demand-an-unmatched-opportunity-for-investors,301 (Spanish removal),,"301 to the DE or EN equivalent; if none, 410",spanish_removal
/es/blog/buyers-choose-dubai-when-they-want-property-to-perform,301 (Spanish removal),,"301 to the DE or EN equivalent; if none, 410",spanish_removal
/es/blog/germany-keeps-attracting-people-who-want-stability-not-noise,301 (Spanish removal),,"301 to the DE or EN equivalent; if none, 410",spanish_removal
/es/blog/buyers-keep-choosing-dubai-and-the-numbers-still-work,301 (Spanish removal),,"301 to the DE or EN equivalent; if none, 410",spanish_removal
/es/blog/berlin-the-capital-of-micro-neighborhoods-and-long-term-demand,301 (Spanish removal),,"301 to the DE or EN equivalent; if none, 410",spanish_removal
/es/blog/cyprus-the-hybrid-home,301 (Spanish removal),,"301 to the DE or EN equivalent; if none, 410",spanish_removal
/es/blog/buy-or-rent-in-berlin-in-2025-a-clear-guide-for-long-term-thinkers,301 (Spanish removal),,"301 to the DE or EN equivalent; if none, 410",spanish_removal
/es/blog/why-you-should-seriously-consider-berlin-whether-youre-moving-or-investing,301 (Spanish removal),,"301 to the DE or EN equivalent; if none, 410",spanish_removal
/es/blog/cyprus-vs-dubai-which-one-makes-more-sense-for-living-or-investing,301 (Spanish removal),,"301 to the DE or EN equivalent; if none, 410",spanish_removal
/es/blog/paphos-the-small-city-that-quietly-became-one-of-europes-most-interesting-property-markets,301 (Spanish removal),,"301 to the DE or EN equivalent; if none, 410",spanish_removal
/es/blog/the-2026-reality-real-estate-is-back-to-being-a-rate-story,301 (Spanish removal),,"301 to the DE or EN equivalent; if none, 410",spanish_removal
/es/blog/the-three-bucket-strategy-how-investors-build-a-smarter-portfolio-across-countries,301 (Spanish removal),,"301 to the DE or EN equivalent; if none, 410",spanish_removal
/es/blog/berlin-real-estate-in-2026-buyers-are-quietly-coming-back,301 (Spanish removal),,"301 to the DE or EN equivalent; if none, 410",spanish_removal
/es/blog/berlin-the-street-that-never-loses,301 (Spanish removal),,"301 to the DE or EN equivalent; if none, 410",spanish_removal
/es/blog/dubai-2026-the-supply-wave-isnt-a-disaster-its-a-filter,301 (Spanish removal),,"301 to the DE or EN equivalent; if none, 410",spanish_removal
/es/blog/the-market-shift-no-one-predicted-supply-is-up-demand-is-smarter,301 (Spanish removal),,"301 to the DE or EN equivalent; if none, 410",spanish_removal
/es/blog/how-berlin-became-europes-test-city-for-the-future-of-housing,301 (Spanish removal),,"301 to the DE or EN equivalent; if none, 410",spanish_removal
/es/blog/why-two-same-price-units-can-perform-completely-differently,301 (Spanish removal),,"301 to the DE or EN equivalent; if none, 410",spanish_removal
/es/blog/why-so-many-europeans-are-quietly-choosing-cyprus-as-their-second-home,301 (Spanish removal),,"301 to the DE or EN equivalent; if none, 410",spanish_removal
/es/blog/what-people-only-realize-about-berlin-after-living-there-for-a-while,301 (Spanish removal),,"301 to the DE or EN equivalent; if none, 410",spanish_removal
/es/blog/the-negotiation-playbook,301 (Spanish removal),,"301 to the DE or EN equivalent; if none, 410",spanish_removal
/es/blog/cyprus-property-the-rare-market-where-the-numbers-dont-change-after-you-decide-to-buy,301 (Spanish removal),,"301 to the DE or EN equivalent; if none, 410",spanish_removal
/es/blog/dubai-in-2026-off-plan-vs-ready-property-how-smart-buyers-decide,301 (Spanish removal),,"301 to the DE or EN equivalent; if none, 410",spanish_removal
/es/blog/berlin-property-the-one-check-that-saves-buyers-from-expensive-regret,301 (Spanish removal),,"301 to the DE or EN equivalent; if none, 410",spanish_removal
/es/blog/germany-in-2026-the-construction-signal-everyone-misses,301 (Spanish removal),,"301 to the DE or EN equivalent; if none, 410",spanish_removal
/es/blog/buyers-who-want-a-second-home-actually-end-up-buying-in-paphos,301 (Spanish removal),,"301 to the DE or EN equivalent; if none, 410",spanish_removal
/es/blog/living-and-investing-in-berlin-real-prices-real-costs-real-facts-2,301 (Spanish removal),,"301 to the DE or EN equivalent; if none, 410",spanish_removal
/es/blog/why-berlin-still-matters-housing-trends-and-new-realities-shaping-europes-capital,301 (Spanish removal),,"301 to the DE or EN equivalent; if none, 410",spanish_removal
/es/blog/why-cyprus-is-becoming-the-new-second-home-country-for-europeans-in-2026,301 (Spanish removal),,"301 to the DE or EN equivalent; if none, 410",spanish_removal
/es/blog/dubai-the-city-that-turned-infrastructure-into-lifestyle,301 (Spanish removal),,"301 to the DE or EN equivalent; if none, 410",spanish_removal
/es/blog/the-future-buyer-method,301 (Spanish removal),,"301 to the DE or EN equivalent; if none, 410",spanish_removal
/es/blog/life-in-berlin-what-people-really-want-to-know-before-moving-to-germany,301 (Spanish removal),,"301 to the DE or EN equivalent; if none, 410",spanish_removal
/es/blog/10-things-nobody-tells-you-about-living-in-berlin-until-youre-already-there,301 (Spanish removal),,"301 to the DE or EN equivalent; if none, 410",spanish_removal
/es/blog/real-estate-in-cyprus-why-buyers-commit-faster-here-than-in-most-of-europe,301 (Spanish removal),,"301 to the DE or EN equivalent; if none, 410",spanish_removal
/es/blog/buying-property-in-cyprus-in-2026-the-real-answers-to-is-it-worth-it,301 (Spanish removal),,"301 to the DE or EN equivalent; if none, 410",spanish_removal
/es/blog/so-many-buyers-choose-cyprus-for-property-and-decide-faster-than-anywhere-else,301 (Spanish removal),,"301 to the DE or EN equivalent; if none, 410",spanish_removal
/es/blog/dubai-the-net-yield-truth,301 (Spanish removal),,"301 to the DE or EN equivalent; if none, 410",spanish_removal
/es/blog/the-portfolio-map,301 (Spanish removal),,"301 to the DE or EN equivalent; if none, 410",spanish_removal
/es/blog/the-handover-reality-checklist,301 (Spanish removal),,"301 to the DE or EN equivalent; if none, 410",spanish_removal
/es/blog/berlin-the-building-health-test,301 (Spanish removal),,"301 to the DE or EN equivalent; if none, 410",spanish_removal
/es/blog/why-cyprus-is-quietly-becoming-a-strategic-base-for-crypto-investors,301 (Spanish removal),,"301 to the DE or EN equivalent; if none, 410",spanish_removal
/es/blog/residency-in-cyprus-through-real-estate-costs-requirements-and-what-buyers-actually-invest,301 (Spanish removal),,"301 to the DE or EN equivalent; if none, 410",spanish_removal
/es/blog/berlin-rental-market-2025-rents-are-rising-fast-and-investors-are-taking-notice,301 (Spanish removal),,"301 to the DE or EN equivalent; if none, 410",spanish_removal
/es/blog/the-rental-ready-formula,301 (Spanish removal),,"301 to the DE or EN equivalent; if none, 410",spanish_removal
/es/blog/holiday-properties-in-cyprus-why-theyre-outperforming-traditional-segments-in-2025,301 (Spanish removal),,"301 to the DE or EN equivalent; if none, 410",spanish_removal
/es/blog/dubais-next-big-shift-connectivity-is-the-new-luxury,301 (Spanish removal),,"301 to the DE or EN equivalent; if none, 410",spanish_removal
/es/blog/why-germany-remains-one-of-the-safest-places-in-europe-to-buy-property,301 (Spanish removal),,"301 to the DE or EN equivalent; if none, 410",spanish_removal
/es/blog/the-fastest-way-to-tell-if-a-property-makes-financial-sense,301 (Spanish removal),,"301 to the DE or EN equivalent; if none, 410",spanish_removal
/es/blog/berlins-most-underrated-play-in-2026-why-moabit-keeps-winning-quietly,301 (Spanish removal),,"301 to the DE or EN equivalent; if none, 410",spanish_removal
/es/blog/climate-energy-and-quiet-costs-the-2026-property-risk-nobody-brags-about,301 (Spanish removal),,"301 to the DE or EN equivalent; if none, 410",spanish_removal
/es/blog/how-much-cash-do-i-really-need-to-buy-property-in-germany,301 (Spanish removal),,"301 to the DE or EN equivalent; if none, 410",spanish_removal
/es/blog/cyprus-the-hybrid-home-strategy,301 (Spanish removal),,"301 to the DE or EN equivalent; if none, 410",spanish_removal
/es/blog/whats-driving-dubais-real-estate-boom-6-trends-investors-should-know,301 (Spanish removal),,"301 to the DE or EN equivalent; if none, 410",spanish_removal
/es/blog/how-to-stop-impulse-buying-real-estate,301 (Spanish removal),,"301 to the DE or EN equivalent; if none, 410",spanish_removal
/es/blog/rental-yields-in-dubai-vs-major-european-cities-a-comparative-guide,301 (Spanish removal),,"301 to the DE or EN equivalent; if none, 410",spanish_removal
/es/blog/berlin-the-kiez-effect-and-why-one-street-can-change-everything,301 (Spanish removal),,"301 to the DE or EN equivalent; if none, 410",spanish_removal
/es/blog/cyprus-2026-the-new-buyer-isnt-buying-a-holiday-theyre-buying-a-plan,301 (Spanish removal),,"301 to the DE or EN equivalent; if none, 410",spanish_removal
/es/blog/the-smart-buyers-guide-to-avoiding-renovation-traps,301 (Spanish removal),,"301 to the DE or EN equivalent; if none, 410",spanish_removal
/es/blog/berlins-vacancy-rate-is-practically-zero-and-thats-a-big-opportunity-for-investors,301 (Spanish removal),,"301 to the DE or EN equivalent; if none, 410",spanish_removal
/es/blog/dubai-feels-like-the-worlds-most-functional-city,301 (Spanish removal),,"301 to the DE or EN equivalent; if none, 410",spanish_removal
/es/blog/why-everyone-wants-dubai-in-2026-the-new-wave-of-property-buyers,301 (Spanish removal),,"301 to the DE or EN equivalent; if none, 410",spanish_removal
/es/blog/the-new-cyprus-trend-buying-for-retirement-before-you-need-it,301 (Spanish removal),,"301 to the DE or EN equivalent; if none, 410",spanish_removal
/es/blog/why-so-many-people-move-to-berlin-for-one-year-and-end-up-staying,301 (Spanish removal),,"301 to the DE or EN equivalent; if none, 410",spanish_removal
/es/blog/buying-an-apartment-in-berlin-what-do-you-actually-need,301 (Spanish removal),,"301 to the DE or EN equivalent; if none, 410",spanish_removal
/es/blog/paphos-is-becoming-the-mediterraneans-new-lifestyle-capital-in-2026,301 (Spanish removal),,"301 to the DE or EN equivalent; if none, 410",spanish_removal
/es/blog/the-micro-location-advantage-that-buyers-pay-for,301 (Spanish removal),,"301 to the DE or EN equivalent; if none, 410",spanish_removal
/es/blog/how-to-avoid-buying-a-summer-only-property,301 (Spanish removal),,"301 to the DE or EN equivalent; if none, 410",spanish_removal
/es/blog/paphos-where-cyprus-feels-timeless-not-touristic,301 (Spanish removal),,"301 to the DE or EN equivalent; if none, 410",spanish_removal
/es/blog/why-2026-buyers-quietly-pay-more-for-easy-living-buildings,301 (Spanish removal),,"301 to the DE or EN equivalent; if none, 410",spanish_removal
/es/properties/attraktive-3-zimmer-wohnung-mit-balkon-aufzug-in-berlin-moabit-eigenbedarf-moglich,301 (Spanish removal),,"301 to the DE or EN equivalent; if none, 410",spanish_removal
/es/blog/dubai-the-service-charge-reality,301 (Spanish removal),,"301 to the DE or EN equivalent; if none, 410",spanish_removal
/es/blog/berlin-the-relocation-buyer-opportunity,301 (Spanish removal),,"301 to the DE or EN equivalent; if none, 410",spanish_removal
/es/properties/3-zimmer-wohnung-in-schoneberg-ab-2027-zur-eigennutzung-verfugbar-3-room-apartment-in-schoneberg-available-for-owner-occupancy-from-2027,301 (Spanish removal),,"301 to the DE or EN equivalent; if none, 410",spanish_removal
/es/properties-for-sale-berlin,301 (Spanish removal),,"301 to the DE or EN equivalent; if none, 410",spanish_removal
